channel_id,channel_name,query_groups,joined_date,subscribers,video_count,max_search_views,extracted_videos,extracted_long_videos,median_latest_10,median_latest_20,max_latest_20,latest_20_over_10k,latest_20_over_50k,latest_20_over_100k,latest_20_over_1m,latest_20_zero_or_missing,views_to_subs_median_10,country,canonical_url,videos_status
UCEn5V6xJZxLfOm94fvo2wUw,Animated Archives HQ,crime_scams_mystery,2026-07-25,379,11,51904,11,11,423,479,52000,1,1,0,0,0,1.1174,Saudi Arabia,http://www.youtube.com/@AnimatedArchivesHQ,ok
UC6AwWrRKNrwt83CMJqeTUzw,Mr. Finance,culture_entertainment,2026-06-28,65400,66,73065,30,30,2250,2950,16000,2,0,0,0,0,0.0344,,http://www.youtube.com/@misterfinanceyt,ok
UCKhpM-cu2Cod-GyG6KngNYg,Logical Money,practical_lifestyle,2026-06-27,17000,11,944206,10,10,2700,2700,945000,2,2,2,0,0,0.1588,United Arab Emirates,http://www.youtube.com/@LogicalMoney72,ok
UCRxTw7KfR1afSuRHDzkyHNA,pepecore.,history_civilization,2026-05-24,6850,12,127703,12,12,7700,9200,271000,5,3,2,0,0,1.1241,Canada,http://www.youtube.com/@pepecore-1,ok
UCdi-rTleLSNBYEVOWuAic5w,Paint Maniac,internet_mysteries,2026-05-23,28600,11,532832,11,11,204500,184000,532000,11,11,10,0,0,7.1503,,http://www.youtube.com/@PaintManiac-u5v,ok
UCkoKI2T_WmQNVWQFCbjFGJQ,History Reconstruction,history_reconstruction,2026-05-19,29600,72,169426,30,30,1550,1300,31000,1,0,0,0,0,0.0524,Brazil,http://www.youtube.com/@HistoryReconstructionTV,ok
UCOx0bIbw8m1-VNG3duys98A,Julian News Report,everyday_history,2026-05-15,29200,73,53682,30,30,21500,23500,146000,13,5,2,0,0,0.7363,United States,http://www.youtube.com/@JulianNewsReport,ok
UClVmPVF1AxBkx-hcA371RoQ,Wrongly Assumed,history_civilization,2026-05-11,2940,12,200200,12,11,2866,933,535000,4,3,3,0,0,0.975,Romania,http://www.youtube.com/@WronglyAssumed,ok
UC-WT_x7Tpo-C1_XNJFik4ag,Dead Signal,everyday_history,2026-05-08,177000,172,69105,30,28,3450,12000,59000,11,1,0,0,0,0.0195,,http://www.youtube.com/@Deadsignalinvestigation,ok
UCjIjoDsnz_ygrp2UhiBDZEw,Oldies Radio Station,internet_mysteries,2026-05-03,3720,31,234976,30,30,5500,13500,146000,11,4,1,0,0,1.4785,United States,http://www.youtube.com/@OldiesRadioStation_99,ok
UCytiKJcsuKFARvAeUABvRBA,HinExp,technology_ai,2026-04-19,45300,33,197716,30,30,27500,48500,355000,18,10,6,0,0,0.6071,India,http://www.youtube.com/@HinExpofficial,ok
UC42T20axeJ0I8Htezap9PiQ,Monstrous Machines,history_civilization,2026-04-10,2560,29,87689,29,29,7550,4950,87000,4,2,0,0,0,2.9492,United States,http://www.youtube.com/@monstrousmachines1,ok
UCuJxFxVuj4s_MmupOMmDqCQ,Weirdward Bound,everyday_history,2026-04-09,41800,106,311574,30,30,2450,3800,32000,4,0,0,0,0,0.0586,,http://www.youtube.com/@WeirdwardBound,ok
UCywCTTyUWYsLo2-87I6XgkQ,The Net Explainer,internet_mysteries,2026-04-09,6680,13,232696,13,13,19500,22000,232000,8,3,3,0,0,2.9192,United States,http://www.youtube.com/@TheNetExplainer,ok
UC7lSvMZ4xHbj_P_sUpoFxmg,History Unwalled,history_reconstruction,2026-03-21,15100,41,212408,30,30,2700,2100,42000,3,0,0,0,0,0.1788,,http://www.youtube.com/@HistoryUnwalled,ok
UCqUbOMOi-G__aTSOQmNCXpw,Hidden Compass,geography_logistics,2026-03-16,16400,60,56273,30,30,9600,14000,557000,11,5,3,0,0,0.5854,United States,http://www.youtube.com/@HiddenCompass-1,ok
UCMHYGplRnO9aEb7sDv7neyg,Stories of the Old World,everyday_history,2026-03-14,1800,16,107918,16,16,752,498,107000,2,1,1,0,0,0.4181,Canada,http://www.youtube.com/@StoriesoftheOldWorld,ok
UCfW7Uk_vJfa2t5IeWikYv6Q,Explained In minutes,economic_explainers,2026-02-26,120000,2,594802,2,2,1347000,1347000,2100000,2,2,2,1,0,11.225,India,http://www.youtube.com/@xplainedInminutess,ok
UCM_VDJbYR-i2zVuH5dxI3Uw,The Hidden History Project,everyday_history,2026-02-20,29300,348,89669,28,25,2950,7300,334000,8,3,1,0,0,0.1007,United States,http://www.youtube.com/@The-Hidden-History-Project,ok
UCQJHoc6ncQ3-6JFROw13Zfg,Quality Rot,everyday_history,2026-02-19,23100,90,952064,30,28,347,478,41000,1,0,0,0,0,0.015,United States,http://www.youtube.com/@QualityRot,ok
UCcUEjyUhd-s3Dj0TS0Ekjow,Sleepy History with Oliver,history_civilization,2026-01-31,30200,188,72211,30,30,2350,4050,13000,3,0,0,0,0,0.0778,United States,http://www.youtube.com/@SleepyHistorywithOliver,ok
UCj4qrWgL8bmAfBTr6EwThow,Survival Alex,nature_animals,2026-01-26,14200,98,1373606,30,30,13000,17000,159000,15,6,2,0,0,0.9155,United States,http://www.youtube.com/@survivalalex-c6w,ok
UCcTBzAu-sSTjffEKastwhbA,BomboWannaKnow,wildlife_documentaries,2026-01-16,1050,8,108394,8,8,4200,4200,108000,2,1,1,0,0,4.0,United States,http://www.youtube.com/@BomboWannaKnow,ok
UCXgYsaO70gBNGcmpGKnln1Q,Worlds Before Us,history_reconstruction,2026-01-08,42900,63,947496,30,30,16500,16500,135000,13,6,1,0,0,0.3846,Portugal,http://www.youtube.com/@WorldsBeforeUsofficial,ok
UCTmNedKNPb9LtVqAjH-D4Uw,Aurelume Films,speculative_scifi,2025-12-31,57900,7,3003837,7,6,977500,977500,3100000,6,5,5,3,0,16.8826,United States,http://www.youtube.com/@AurelumeFilms,ok
UCxbnsftoQou1IfWZlEb_1iA,SPACE BEFOREAFTER,science_engineering,2025-12-27,18100,196,809534,30,30,355,355,862,0,0,0,0,0,0.0196,United States,http://www.youtube.com/@space-before-after,ok
UC9ZBqKzvc6heH9Tui25fP0w,Biome Science,wildlife_documentaries,2025-12-26,736,7,177561,5,3,2300,2300,177000,1,1,1,0,0,3.125,South Africa,http://www.youtube.com/@Biomescience,ok
UC5M4AITera9RmytwHTIQWvQ,Andrew Restores History,history_reconstruction,2025-12-26,12800,44,62883,30,30,208,353,20000,1,0,0,0,0,0.0163,United States,http://www.youtube.com/@AndrewRestoresHistory-k3n,ok
UCe9imMhDp6Kn3dn75mzUUZw,GaiaDocs,nature_animals,2025-12-23,47000,65,1255019,30,30,131500,20500,2300000,11,7,6,2,0,2.7979,Australia,http://www.youtube.com/@gaiadocsEN,ok
UCSAKn7R948auGKixely8yLg,Master POV,culture_entertainment,2025-12-23,102000,113,423903,30,30,42000,45500,272000,20,9,6,0,0,0.4118,United States,http://www.youtube.com/@MasterPOVs,ok
UCtEtiJyqe8KnUb5jEF3SiEQ,kwy true tale,speculative_scifi,2025-12-22,79800,9,2597919,9,9,596000,596000,2900000,8,7,7,3,0,7.4687,,http://www.youtube.com/@kwytruetale,ok
UCJHiG7fRmk8Gdxy6numisMA,Ancient Streets,history_reconstruction,2025-12-11,5420,84,150926,30,30,783,1800,7900,0,0,0,0,0,0.1446,,http://www.youtube.com/@AncientStreets,ok
UCD8g_HsWfrBUmm-EepMaHHg,Hidden Film,practical_lifestyle,2025-12-08,11100,49,87928,30,30,30500,43500,354000,18,9,4,0,0,2.7477,India,http://www.youtube.com/@HiddenFilm1m,ok
UCFU0fJOB4cXWeqG1pwhcg4g,Back in Time,everyday_history,2025-11-30,2650,51,89386,30,30,204,262,68000,2,2,0,0,0,0.0772,United States,http://www.youtube.com/@Backintime-t1h,ok
UCisHJobjgyF4r8pIB8-bRWw,Vanished History,history_reconstruction,2025-11-27,9580,27,86494,14,10,30000,30000,206000,6,4,2,0,0,3.1315,United States,http://www.youtube.com/@VanishedHistoryYT,ok
UClgo8akZOVpzeKm1o2oaurQ,Forgotten Labor,everyday_history,2025-11-20,20000,159,79724,30,30,1500,2300,25000,4,0,0,0,0,0.075,United States,http://www.youtube.com/@ForgottenLabor,ok
UCHacVMLp7bHDC7e4eoPi9Dw,Psychology Simplified,psychology_society,2025-11-16,275000,113,550814,30,30,5300,6350,62000,7,1,0,0,0,0.0193,United Kingdom,http://www.youtube.com/@PsychologyIsSimplified,ok
UCeUD9-4tOwIhA3gUsCxb7vA,All i need is 20 minutes,business_economics,2025-11-11,28200,16,386508,16,16,4350,7600,386000,8,2,2,0,0,0.1543,United Kingdom,http://www.youtube.com/@AlliNeedIs20minutes,ok
UCOl2oX_MPM0vSX7k8TKogMQ,Earthscapes Travel,nature_animals,2025-11-09,64000,70,3462120,29,29,938,991,23000,2,0,0,0,0,0.0147,United States,http://www.youtube.com/@EarthscapesTravel,ok
UCeSv-5lk1uqGyO9zpNYMvrA,Mil Gear Explainer,practical_lifestyle,2025-11-09,27800,59,275525,30,29,29000,40000,477000,14,9,4,0,0,1.0432,United States,http://www.youtube.com/@MilGearExplainer,ok
UCjAXMNVk-bbSPWF7pjIwFJg,Vikash Forensics,internet_mysteries,2025-11-02,5530,4,146822,4,4,78500,78500,329000,3,2,2,0,0,14.1953,India,http://www.youtube.com/@Vikash4nsics,ok
UCppyAe3EEAGcGknEr4C4H-A,Beyond The Rings,speculative_scifi,2025-11-01,10700,78,275528,30,28,3000,3000,222000,4,2,1,0,0,0.2804,Brazil,http://www.youtube.com/@BeyondTheRingsYT,ok
UC4UVmkFWcqT6aHPG6tRAlvA,Cheatham Media,consumer_systems,2025-10-28,43000,89,88874,30,30,42000,57500,196000,18,11,4,0,0,0.9767,,http://www.youtube.com/@CheathamMedia,ok
UCohG8-NtggGKbzx8K7YF1uw,GLOBAL DOCUMENTARY - Discovery Travel,practical_lifestyle,2025-10-13,24300,33,506804,30,30,868,3250,2000000,7,6,3,1,0,0.0357,United States,http://www.youtube.com/@GLOBALDOCUMENTARY4k,ok
UCnThE8FLrlN-tYvZhZL0uaA,Finance Bureau,business_economics|economic_explainers,2025-10-13,93300,443,61338,30,30,51000,42500,332000,18,8,5,0,0,0.5466,United Arab Emirates,http://www.youtube.com/@FinanceBureauOfficial,ok
UCpr1JAIc49gu9-FAlO4uAKw,timewarp cities,history_civilization,2025-10-12,54000,77,201014,30,30,4250,4900,80000,6,2,0,0,0,0.0787,,http://www.youtube.com/@timewarpcities,ok
UCkG49maW4sr4pfxYmz9Jj0g,Flashback Frenzy,history_civilization,2025-10-11,25200,4,1151445,4,4,758500,758500,1500000,4,4,3,2,0,30.0992,India,http://www.youtube.com/@FlashbackFrenzzzy,ok
UCLuIudjbquBATgqkIJxQi6A,Animated History ,history_civilization|history_reconstruction,2025-10-05,64200,14,822378,14,14,327000,464500,919000,14,13,12,0,0,5.0935,Netherlands,http://www.youtube.com/@AnimatedHistoryy,ok
UCohgJ1UZcLte8e4TMqm8Abg,Filmaya Pro,crime_scams_mystery,2025-09-25,42100,56,203163,29,29,82000,95500,805000,19,17,9,0,0,1.9477,,http://www.youtube.com/@FilmayaPro,ok
UCcA2aJFGGbSHVuqVp23rJlw,Money Chuck,business_economics|crime_scams_mystery,2025-09-22,18100,34,700146,30,30,3400,12000,332000,12,5,3,0,0,0.1878,,http://www.youtube.com/@MoneyChuck,ok
UCMWimE1l_u-A9S4eXfYG5dA,Mandarin Tech,geography_logistics,2025-09-18,70300,279,884580,30,30,4000,4250,51000,6,1,0,0,0,0.0569,United States,http://www.youtube.com/@Mandarintechmido,ok
UCPTDdIFlaBrHdCEerIjdXKw,Khalan Studio,work_career_education,2025-09-18,14200,19,429970,19,19,57000,23000,449000,13,8,5,0,0,4.0141,,http://www.youtube.com/@KhalanStudio,ok
UC9oGRaUTFIubLMT45nt9d4A,Metal Morph,everyday_history,2025-09-14,15400,41,137209,30,4,149500,149500,617000,4,3,3,0,0,9.7078,Ukraine,http://www.youtube.com/@MetalMorphling,ok
UCRu-HFgvI8sALbKQg5F1mCg,Gravity of Frame,culture_entertainment,2025-09-05,386,28,61946,26,13,320,287,61000,1,1,0,0,0,0.829,United States,http://www.youtube.com/@GravityofFrame,ok
UCqPTW4CeoAgq111DA__mP9g,Max Fisher,work_career_education,2025-09-03,487000,38,1732366,16,15,1240500,934000,6500000,15,15,15,7,0,2.5472,United States,http://www.youtube.com/@maxfisher,ok
UCHFoGRSXGOpc6D_NTGv-UyQ,Inqalaab International,crime_scams_mystery,2025-09-01,43600,61,2027486,30,30,3750,5400,72000,6,1,0,0,0,0.086,United States,http://www.youtube.com/@inqalaabofficial,ok
UCEy85baRPPw7Ls5HkMv8uRA,CRG Explains,culture_entertainment,2025-08-31,28800,99,1290719,30,30,21200,33500,1200000,13,8,6,1,0,0.7361,Czechia,http://www.youtube.com/@CRG-explains,ok
UCufvVan2COV7M3FX5dPdlHA,Old Money Dynasty,culture_entertainment,2025-08-29,96100,93,658277,30,30,9400,19000,346000,14,8,4,0,0,0.0978,Norway,http://www.youtube.com/@OldMoneyDynasty,ok
UCAKPIc6R4Z0AyIAFaTACCjA,Old Line Power,history_civilization,2025-08-28,33500,43,187383,30,30,6500,9150,277000,10,3,2,0,0,0.194,United States,http://www.youtube.com/@OldLinePower,ok
UC4fjzzxyd-osNfUGVaFoXLg,The Drowsy Astronaut,practical_lifestyle,2025-08-25,3160,129,115791,30,30,751,1250,3600,0,0,0,0,0,0.2377,,http://www.youtube.com/@TheDrowsyAstronaut,ok
UCqW-Q4PRQE5_n2vbAaC1rUg,messyintheusa,consumer_systems,2025-08-22,14400,82,691508,30,30,6000,6800,51000,4,2,0,0,0,0.4167,United States,http://www.youtube.com/@messyintheusa,ok
UCmHWbnzyRvVvkrSXFdZp7tg,NullSpace,science_engineering,2025-08-21,48700,6,1644652,4,4,910500,910500,2100000,3,3,3,2,0,18.6961,Canada,http://www.youtube.com/@NullSpaceYT,ok
UCwOu8GE6bUcIDfEERFEg8gA,Ittehaaz,history_civilization,2025-08-15,25200,27,562673,26,26,76000,51500,562000,18,10,6,0,0,3.0159,Qatar,http://www.youtube.com/@Ittehaaz,ok
UCutgizyE1iDZBZQFqte_jHA,Razzu Bolta hai,nature_animals,2025-08-13,80600,17,386121,17,17,1050000,1500000,5600000,17,17,17,13,0,13.0273,India,http://www.youtube.com/@RazzuBoltaHai-1,ok
UCO-K4Bggr246g8Yudin0_7Q,Claw Wildlife ,nature_animals,2025-08-13,30700,231,361034,30,30,10900,8750,256000,8,3,1,0,0,0.355,United States,http://www.youtube.com/@clawwildlife8386,ok
UCaWj2ql_J2M7Dqd78B5U7yQ,Charles VS The Past,history_reconstruction,2025-08-12,9380,90,127763,30,28,366,586,25000,3,0,0,0,0,0.039,France,http://www.youtube.com/@Charles-vs-the-past,ok
UCOBMTKkkVlOi6-zCYg6R9zQ,THE MOVIE ZONE,speculative_scifi,2025-08-12,35300,91,82469,10,10,845,845,82000,3,2,0,0,0,0.024,United Kingdom,http://www.youtube.com/@TheMovieZoneYT,ok
UCWbM5p20UDzs1VLGa9ku2Jw,Myths-creature,nature_animals,2025-08-09,22900,10,1502766,10,7,162000,162000,3300000,6,5,4,2,0,7.0742,,http://www.youtube.com/@Myths-creature,ok
UC6b4NXX4ppECUzdvTsX9Dtw,ancient editions,history_reconstruction,2025-08-09,19600,81,299637,30,30,7050,3850,299000,8,2,2,0,0,0.3597,United States,http://www.youtube.com/@ancienteditions,ok
UCZb1qK7zbqUui8Lm1muQNUg,VIVEK SINGH,crime_scams_mystery,2025-08-07,1080,23,56674,3,3,2100,2100,56000,1,1,0,0,0,1.9444,India,http://www.youtube.com/@VIVEKSINGHTV,ok
UCO_biEUmMGgKOYvTUfCu4Dw,Geography Explainer,geography_logistics,2025-08-05,1440,8,167209,8,8,10400,10400,167000,4,1,1,0,0,7.2222,Switzerland,http://www.youtube.com/@GeoExplainer123,ok
UCkuaNzAsSERRH5ecamFnf1g,Relationship Decode,psychology_society,2025-08-04,7090,10,354080,10,6,52500,52500,354000,6,3,1,0,0,7.4048,United Kingdom,http://www.youtube.com/@RelationshipDecode-n9x,ok
UCx4MRJZPmX9rb6Y7PGmU2Bg,Survive Plus,wildlife_documentaries,2025-07-28,64000,147,2724903,30,30,11100,21000,181000,13,2,1,0,0,0.1734,United Kingdom,http://www.youtube.com/@SurvivePlus,ok
UCQdI1zYa-0MvrGpCPNYj2CA,Urban Planner Explained,geography_logistics|practical_lifestyle|science_engineering,2025-07-28,57400,53,1436123,30,30,7050,8000,47000,7,0,0,0,0,0.1228,United States,http://www.youtube.com/@UrbanPlannerExplained,ok
UCQmSfO8cYdSV2Mu3gW4bpAw,Ancestors Civilization,history_reconstruction,2025-07-28,19400,102,333688,30,30,6350,6900,64000,5,1,0,0,0,0.3273,,http://www.youtube.com/@AncestorsCivilization,ok
UCVOKP-_OYHTnKFDSP89NfAQ,Mavora,nature_animals,2025-07-24,44200,33,6099297,30,30,25000,70500,1200000,17,11,7,2,0,0.5656,,http://www.youtube.com/@Mavora-917,ok
UCSoRPhBTtQ4ntgOj4RA_XqA,TRUE GLOBE,nature_animals|practical_lifestyle,2025-07-23,142000,116,1583346,30,30,6850,8250,272000,9,5,2,0,0,0.0482,United States,http://www.youtube.com/@trueglobe66,ok
UCfi5WDLF5paBigZnKSsPiEw,VICE Vault,geography_logistics,2025-07-22,86700,149,76633,30,30,70000,117000,787000,19,17,12,0,0,0.8074,United Kingdom,http://www.youtube.com/@VICEVaultChannel,ok
UCjz8uBTLs0f7Fnlxc5nzT5g,Wonny,culture_entertainment|psychology_society,2025-07-21,432000,53,4187240,30,30,1050000,1600000,4099999,20,20,20,13,0,2.4306,,http://www.youtube.com/@Wonnylol,ok
UCwm2tuDiDGGuULDIx18hEWQ,WildVerse,wildlife_documentaries,2025-07-18,30800,108,2021748,30,30,73000,58000,2000000,20,12,7,1,0,2.3701,Netherlands,http://www.youtube.com/@wildversechannel,ok
UCrNfRFWnLC3tCy1TnyhVQ7g,Casual Finance,crime_scams_mystery|technology_ai,2025-07-16,336000,172,565905,28,25,505000,405000,2000000,20,20,19,2,0,1.503,United States,http://www.youtube.com/@CasuallyFinance,ok
UCNZegH5HQPx_chNsPqJw1Rw,Sleepy Science Channel,nature_animals|practical_lifestyle|psychology_society|science_engineering,2025-07-09,329000,305,1476879,30,30,13500,16000,66000,15,1,0,0,0,0.041,United Kingdom,http://www.youtube.com/@SleepyScienceChannel,ok
UCxsXn1oYJcddzSJ83NIZTPw,Human Survival Files ,nature_animals,2025-07-07,931,24,234882,24,24,371,473,234000,2,1,1,0,0,0.399,United States,http://www.youtube.com/@humansurvivalfiles,ok
UCiaQXTGzrFfBCppui4rPDIg,Avoid Flight Bans,geography_logistics,2025-07-06,67700,211,1222644,30,30,872,1100,320000,5,2,2,0,0,0.0129,United States,http://www.youtube.com/@AvoidFlightBans,ok
UCvv62HsDWDxfwH2oL10ilvQ,Planet Vista 4K,practical_lifestyle,2025-07-02,75600,127,3597550,30,30,11000,11500,116000,13,5,1,0,0,0.1455,United States,http://www.youtube.com/@PlanetVista4K,ok
UCHb55meDzFOdxr6UG_ho4iw,ShriGuruCool,crime_scams_mystery,2025-07-01,241000,95,691354,30,29,657000,323000,1000000,20,20,20,1,0,2.7261,,http://www.youtube.com/@ShriGuruCool,ok
UC6LYB8YhQKo2H6EK3q6U6kw,Bedtime & Historian ,history_civilization,2025-07-01,79700,146,289976,30,30,8450,15000,268000,13,3,1,0,0,0.106,United States,http://www.youtube.com/@TheBedtimeHistory-icdi,ok
UCX2zCrhyNcgpWP5r6mdcuSg,SoulArc Studios,psychology_society,2025-06-27,46100,11,971282,10,10,70000,70000,1500000,9,6,4,1,0,1.5184,India,http://www.youtube.com/@SoulArcStudios,ok
UCpgh3p0dfB73tftHU64PYJA,Mackard,work_career_education,2025-06-24,39400,52,197682,30,29,4750,6100,2800000,8,6,5,1,0,0.1206,United States,http://www.youtube.com/@Mackard,ok
UCvqoIO_6h6xmlSrFOxFNSjA,Prophecy & Stone,history_civilization,2025-06-21,88300,113,278210,30,30,4750,2900,162000,7,1,1,0,0,0.0538,,http://www.youtube.com/@ProphecyStone,ok
UCLZyEY5Yj9S3EoxWKiSSh4w,Quera Official,science_engineering,2025-06-20,69300,54,374122,30,30,59000,76000,477000,20,13,8,0,0,0.8514,India,http://www.youtube.com/@QueraOfficial,ok
UC16mlRbA6vVaUzDkckHtkGw,Dear Old Blighty,business_economics,2025-06-20,71700,274,150570,30,30,4250,10000,90000,11,2,0,0,0,0.0593,United States,http://www.youtube.com/@DearOldBlighty,ok
UCFoGLU_SSf812tyOs3XGa_Q,Kee,psychology_society,2025-06-18,217000,129,3301346,30,30,6550,8600,41000,8,0,0,0,0,0.0302,,http://www.youtube.com/@Kee0111,ok
UCoKOHg2lt4gHxQ7zS3nRZiQ,Lost American History,history_civilization,2025-06-18,44400,73,514501,30,30,11500,8750,62000,9,2,0,0,0,0.259,United States,http://www.youtube.com/@LostAmericanHistory,ok
UCzuV3Y_9Bhp1nGLgCd3XkNA,Ammarify,culture_entertainment,2025-06-16,15300,31,464755,30,28,3850,17000,464000,12,5,4,0,0,0.2516,Pakistan,http://www.youtube.com/@ammarify-1,ok
UC99tXyh_OHorW4DafgVc3pQ,Animata Historia,history_reconstruction,2025-06-12,16400,170,301562,30,30,8200,9150,195000,9,3,2,0,0,0.5,United Kingdom,http://www.youtube.com/@Animata_Historia,ok
UCYoTbrSPXlwRMh8SEopZ1-g,History on a Fork,everyday_history,2025-06-06,112000,47,587984,6,6,51000,51000,587000,4,3,2,0,0,0.4554,United States,http://www.youtube.com/@HistoryonaFork,ok
UCZmv8aMKJ_NyS5uFJK_R8lg,Dabby,practical_lifestyle,2025-06-05,73500,16,2184680,16,7,17000,17000,2100000,5,2,2,1,0,0.2313,,http://www.youtube.com/@according-to-dabby,ok
UCt8F7pkSZK56hWBHWZLzQVw,Mike's POV History,history_reconstruction,2025-05-25,13600,22,79311,22,22,1350,7600,507000,10,6,2,0,0,0.0993,United Kingdom,http://www.youtube.com/@MikesPOVHistory,ok
UCAksyQw6LlPRw-rYhEPADMA,First Humans ,science_engineering,2025-05-24,36300,52,2358020,30,30,58000,50500,1100000,16,10,6,1,0,1.5978,Türkiye,http://www.youtube.com/@FirstHumans,ok
UCb9gttCzPcabOnq1nFYPwsw,Cryton,crime_scams_mystery,2025-05-17,107000,30,3044680,10,10,73000,73000,3000000,10,6,4,3,0,0.6822,United States,http://www.youtube.com/@Cryton,ok
UCPx37Sxf0nrTzd8JA2DHGwg,History After Dark,history_civilization,2025-05-17,70200,39,124488,30,30,115500,78500,288000,20,14,8,0,0,1.6453,Germany,http://www.youtube.com/@historyafterdarkfilms,ok
UC3yjkp0I99OrcMqT83K8vPw,Filmaya,crime_scams_mystery|practical_lifestyle,2025-05-14,654000,79,10613951,30,30,906500,942000,5800000,20,20,20,10,0,1.3861,,http://www.youtube.com/@Filmaya-1,ok
UC_iEmYXdZJvjxdUMehwSXqw,Asian Dad Energy,work_career_education,2025-05-13,124000,95,343383,30,28,107500,80500,511000,20,15,9,0,0,0.8669,United States,http://www.youtube.com/@AsianDadEnergy,ok
UCDGrKOtVH1kWDD-DrkTm0ew,Hidden Planet TV,nature_animals,2025-05-10,20200,243,1234382,30,30,262,392,4400,0,0,0,0,0,0.013,United States,http://www.youtube.com/@hiddenplanetvip,ok
UCdBjCBrh6gvcf7N1n9kjMiQ,Ancient History,culture_entertainment|history_civilization,2025-05-09,21500,41,146012,30,30,9650,23000,397000,13,8,5,0,0,0.4488,India,http://www.youtube.com/@AncientHistory-q9w,ok
UCjkPT5n571CsTwxykFZghSw,Banana Planet TV,nature_animals,2025-05-06,30000,148,2079939,30,30,9250,14000,158000,11,6,3,0,0,0.3083,United States,http://www.youtube.com/@BananaPlanetTV,ok
UCMVhLAn7fXvYKlwM0ytKNmQ,Vincent Perez  Films,speculative_scifi,2025-05-03,11900,61,183467,30,9,18000,18000,738000,7,2,2,0,0,1.5126,Spain,http://www.youtube.com/@Vincent_Perez_Films,ok
UCUIzUlxA9OvY5SjXv51tDpw,Fat Rat,history_civilization,2025-05-01,14700,18,2772542,18,18,718,2450,2700000,4,1,1,1,0,0.0488,Italy,http://www.youtube.com/@FatRatInternational,ok
UCWfnMYXFqLjJdu8wEsKL2OQ,DatingtoWin,internet_mysteries,2025-04-30,9010,469,121330,30,21,993,1115,121000,3,2,2,0,0,0.1103,United States,http://www.youtube.com/@DatingtoWin25,ok
UChS4VG1jXDcxDnUvwcMcxtg,Neu,geography_logistics,2025-04-19,36000,38,592321,30,30,29000,59000,592000,17,11,5,0,0,0.8056,United States,http://www.youtube.com/@neu-youtube,ok
UCzQ2FFVe7m8yIgzXMZtlSjg,Steve Eisman,technology_ai,2025-04-03,191000,444,105812,30,30,71500,75500,142000,20,18,4,0,0,0.3743,,http://www.youtube.com/@RealEismanPlaybook,ok
UCP9RPj_BG0vit2TNM7LuRxA,Crayon Capital,business_economics|crime_scams_mystery,2025-03-31,245000,29,4193646,29,29,78000,228000,1200000,20,16,14,1,0,0.3184,,http://www.youtube.com/@Crayon_Capital,ok
UCdwrzLH6HnkyWSCcY_d4eXA,Found In Africa,culture_entertainment,2025-03-31,60200,24,268121,20,19,268000,268000,1200000,19,17,13,1,0,4.4518,,http://www.youtube.com/@FoundinAfrica,ok
UC0ra0vN_iF5AwwU7G8q79rw,Majestic Studios,history_civilization,2025-03-19,230000,90,1009344,17,17,0,0,0,0,0,0,0,17,0.0,,http://www.youtube.com/@MajesticAIStudio,ok
UCqW-PuTMM73Ff6qR8k-8HGg,Darkest Horrors,crime_scams_mystery,2025-03-16,43400,19,1554386,19,19,136500,230000,1500000,19,13,12,2,0,3.1452,United States,http://www.youtube.com/@DarkestHorrors,ok
UCzVzADipldUrUhKkuw-ISqw,The Curious Mind,history_civilization,2025-03-09,188000,587,2233654,30,30,1600,2600,431000,2,1,1,0,0,0.0085,United States,http://www.youtube.com/@TheCuriousMind12-e2c,ok
UCEk2QG770jl3B1tkyi6cyXA,Seriesly,consumer_systems,2025-03-07,49800,177,421763,30,30,21000,19000,214000,14,3,2,0,0,0.4217,United States,http://www.youtube.com/@SerieslyYT,ok
UCTRgu3iuyGXbhz5kYNjpObw,Get.history,history_civilization,2025-03-05,167000,315,652141,30,30,5700,9650,253000,10,5,3,0,0,0.0341,Germany,http://www.youtube.com/@Get.history,ok
UCVVTthHLGBuNeKf5z6jGV2A,Blackfiles,crime_scams_mystery|technology_ai,2025-02-27,453000,146,2339183,30,30,50000,56500,174000,20,12,3,0,0,0.1104,Spain,http://www.youtube.com/@Blackfiles-HD,ok
UC4flZ-DVneV-yy3Izp4YLzg,Chris Explains,history_civilization,2025-02-24,27900,48,1316048,30,30,4150,8000,114000,9,3,1,0,0,0.1487,United States,http://www.youtube.com/@chris_explainsyt,ok
UCsEw1xMjZJR2AbdL_V5vDzA,MovieVerse Hindi,practical_lifestyle|speculative_scifi,2025-02-23,104000,129,101215,30,30,19500,29500,101000,18,4,1,0,0,0.1875,India,http://www.youtube.com/@MovieVerseHindii-w4r,ok
UCe8G9fApuCUh7dQr95UWhag,New Travel Insight,nature_animals,2025-02-22,177000,384,3464347,30,30,25500,62000,529000,15,11,8,0,0,0.1441,United States,http://www.youtube.com/@NewTravelInsight,ok
UCmAwGVLrHRw4FUmnJmsrGNg,TinyTickles™ Fun Facts,science_engineering,2025-02-20,2330,89,622927,30,8,833,833,622000,2,1,1,0,0,0.3575,Singapore,http://www.youtube.com/@TinyTicklesFunFacts,ok
UCFkWwLHM-uqjccOv6oCv14g,The Secret,practical_lifestyle,2025-02-20,398000,2402,333922,30,30,678,885,4000,0,0,0,0,0,0.0017,United States,http://www.youtube.com/@TheSecret-c1f,ok
UCDy5K4UNhE3l9-3mu9V-d3A,How People Make Money,business_economics|work_career_education,2025-02-17,129000,45,350319,30,28,30500,33000,607000,19,8,5,0,0,0.2364,,http://www.youtube.com/@how-people-make-money,ok
UCPlUfxXfP-Cgg4_qM-y8ivA,Silence of the Earth,nature_animals,2025-02-10,59400,76,2633971,30,30,10200,31000,2600000,15,7,6,1,0,0.1717,United States,http://www.youtube.com/@SilenceoftheEarth,ok
UCGBqkakG1XpPyrY1deesPBw,The Flo Factory,speculative_scifi,2025-02-08,13400,11,357310,8,3,361000,361000,1100000,3,3,3,1,0,26.9403,,http://www.youtube.com/@theflofactory,ok
UCc8mgmxzl_Yhf9PlvElZ68w,Marissa Van,work_career_education,2025-01-29,44200,58,87578,30,30,62500,69000,399000,20,13,7,0,0,1.414,United States,http://www.youtube.com/@Marissa-Van,ok
UC1zbeu02sJejIYi8h3mK2Gg,Echo of the Forests,nature_animals,2025-01-23,6160,143,77739,30,30,2200,2700,14000,2,0,0,0,0,0.3571,United States,http://www.youtube.com/@EchooftheForests,ok
UCXP27gIOM6MeHbTYrHrEF6w,Rail Tech Info,everyday_history,2025-01-18,11600,97,54533,30,24,58000,54000,228000,20,11,5,0,0,5.0,India,http://www.youtube.com/@Railtechiinfo,ok
UCH1d5pCwEvmumwwbd4QkL6A,Mountain Lifeaholic,nature_animals,2025-01-15,45800,89,3517322,30,30,33500,27000,507000,14,8,5,0,0,0.7314,United States,http://www.youtube.com/@MountainLifeaholic,ok
UCB2VZlL3LBwe2p3r0f9QY5g,hollnes,wildlife_documentaries,2025-01-11,71700,18,129518,16,16,97500,290500,3600000,13,13,11,5,0,1.3598,United States,http://www.youtube.com/@hollnes17,ok
UCq_e7utqXqmxS2nmeLNWoew,Extreme Survival Stories,nature_animals,2025-01-04,27400,88,52542,30,30,4150,2900,38000,5,0,0,0,0,0.1515,Poland,http://www.youtube.com/@ExtremeSurvivalStories,ok
UCcSC_VPnipXJeqPUc2oZtrw,Relax History AI,history_reconstruction,2025-01-03,116000,354,166708,30,30,1900,1900,42000,2,0,0,0,0,0.0164,United States,http://www.youtube.com/@RelaxHistoryAI,ok
UC3yFifJYlb7LHk02tw36l0A,Fragments of History,history_civilization,2025-01-02,17900,167,51739,30,30,1350,2000,14000,1,0,0,0,0,0.0754,United States,http://www.youtube.com/@FragmentsofHistory01,ok
UCbrSe4uBIeqJweOYnJAOsrw,EverythingProfessor,practical_lifestyle,2025-01-01,616000,83,5197199,30,30,51500,69000,661000,19,12,6,0,0,0.0836,,http://www.youtube.com/@EverythingProfessor,ok
UCZjVE44LOvxPyKA-tymFoyQ,Martik Finance,business_economics,2025-01-01,97000,46,469452,30,29,13000,19000,469000,14,7,4,0,0,0.134,,http://www.youtube.com/@MartikFinance,ok
