channel_id,channel_name,query_groups,search_video_count,recent_long_count,max_search_views,median_search_views,channel_url
UC-CSyyi47VX1lD9zyeABW3w,Dhruv Rathee,economic_explainers,2,2,10132182,9577796,https://www.youtube.com/channel/UC-CSyyi47VX1lD9zyeABW3w/videos
UCG5_BraUMNcluZPZ__oOeKg,Natural World Facts,wildlife_documentaries,1,1,8522336,8522336,https://www.youtube.com/channel/UCG5_BraUMNcluZPZ__oOeKg/videos
UCEENWVBdvDy-QWfuQoXC9HQ,Species | Documenting AGI,speculative_scifi,1,1,7513732,7513732,https://www.youtube.com/channel/UCEENWVBdvDy-QWfuQoXC9HQ/videos
UCnjgxChqYYnyoqO4k_Q1d6Q,The Diary Of A CEO Clips,speculative_scifi,1,1,7420635,7420635,https://www.youtube.com/channel/UCnjgxChqYYnyoqO4k_Q1d6Q/videos
UCoZd78hRUdxxsuGiABuHF_A,Historically,history_reconstruction,1,1,6535187,6535187,https://www.youtube.com/channel/UCoZd78hRUdxxsuGiABuHF_A/videos
UCpFFItkfZz1qz5PpHpqzYBw,Nexpo,internet_mysteries,1,1,6446018,6446018,https://www.youtube.com/channel/UCpFFItkfZz1qz5PpHpqzYBw/videos
UCxgAuX3XZROujMmGphN_scA,Mark Tilbury,economic_explainers,1,1,6071991,6071991,https://www.youtube.com/channel/UCxgAuX3XZROujMmGphN_scA/videos
UCcyOI2xMEfK940Tgwzb2VHg,Travpedia,wildlife_documentaries,1,1,5974772,5974772,https://www.youtube.com/channel/UCcyOI2xMEfK940Tgwzb2VHg/videos
UCnwUjPK7dXety-AJ4fNw_RQ,The Paint Explainer,internet_mysteries,1,1,5722207,5722207,https://www.youtube.com/channel/UCnwUjPK7dXety-AJ4fNw_RQ/videos
UCMX31RavkfUHJvw03RbUZnA,Nick Crowley,internet_mysteries,1,1,5056864,5056864,https://www.youtube.com/channel/UCMX31RavkfUHJvw03RbUZnA/videos
UCYq6HznD28CPSyrKNwqsBAQ,maximise,speculative_scifi,1,0,4679738,4679738,https://www.youtube.com/channel/UCYq6HznD28CPSyrKNwqsBAQ/videos
UCGRryxFxjXbVAtBPE9EbyMg,Joe Bartolozzi,internet_mysteries,1,1,4512216,4512216,https://www.youtube.com/channel/UCGRryxFxjXbVAtBPE9EbyMg/videos
UCODHrzPMGbNv67e84WDZhQQ,fern,internet_mysteries,1,1,4430029,4430029,https://www.youtube.com/channel/UCODHrzPMGbNv67e84WDZhQQ/videos
UCP9RPj_BG0vit2TNM7LuRxA,Crayon Capital,economic_explainers|internet_mysteries,2,2,4193659,2305818,https://www.youtube.com/channel/UCP9RPj_BG0vit2TNM7LuRxA/videos
UCLD2ZkdEkAKhDETsK6QeDnA,Farrell McGuire,internet_mysteries,5,5,4102410,1623944,https://www.youtube.com/channel/UCLD2ZkdEkAKhDETsK6QeDnA/videos
UCpVm7bg6pXKo1Pr6k5kxG9A,National Geographic,history_reconstruction|speculative_scifi,2,2,4010024,2586585,https://www.youtube.com/channel/UCpVm7bg6pXKo1Pr6k5kxG9A/videos
UCGAmpBtWveYp0-3v9npnhvQ,Chilling Scares,internet_mysteries,5,5,3644885,2070277,https://www.youtube.com/channel/UCGAmpBtWveYp0-3v9npnhvQ/videos
UCIFk2uvCNcEmZ77g0ESKLcQ,The Why Files,speculative_scifi,1,1,3542197,3542197,https://www.youtube.com/channel/UCIFk2uvCNcEmZ77g0ESKLcQ/videos
UC9MAhZQQd9egwWCxrwSIsJQ,HISTORY,speculative_scifi,2,2,3433663,1823466,https://www.youtube.com/channel/UC9MAhZQQd9egwWCxrwSIsJQ/videos
UCwmZiChSryoWQCZMIQezgTg,BBC Earth,wildlife_documentaries,1,1,3311876,3311876,https://www.youtube.com/channel/UCwmZiChSryoWQCZMIQezgTg/videos
UCsM3qWjsbJr5Kt7_Q1ulLjg,Rachitroo,internet_mysteries,1,1,3139125,3139125,https://www.youtube.com/channel/UCsM3qWjsbJr5Kt7_Q1ulLjg/videos
UCKZozRVHRYsYHGEyNKuhhdA,Think School,economic_explainers,4,4,3124422,1091595,https://www.youtube.com/channel/UCKZozRVHRYsYHGEyNKuhhdA/videos
UCb9gttCzPcabOnq1nFYPwsw,Cryton,internet_mysteries,2,2,3044923,2365997,https://www.youtube.com/channel/UCb9gttCzPcabOnq1nFYPwsw/videos
UCTmNedKNPb9LtVqAjH-D4Uw,Aurelume Films,speculative_scifi,1,1,3003837,3003837,https://www.youtube.com/channel/UCTmNedKNPb9LtVqAjH-D4Uw/videos
UCJjUlbs-ZEo4draiZzz66sQ,WILD NATURE - Nature animal documentary,wildlife_documentaries,9,9,2992292,131635,https://www.youtube.com/channel/UCJjUlbs-ZEo4draiZzz66sQ/videos
UC00ifCvU8YOOzbL3RdiSTDw,GetsetflySCIENCE by Gaurav Thakur,speculative_scifi,1,1,2937925,2937925,https://www.youtube.com/channel/UC00ifCvU8YOOzbL3RdiSTDw/videos
UCGy7SkBjcIAgTiwkXEtPnYg,Andrei Jikh,economic_explainers,3,3,2824397,1604087,https://www.youtube.com/channel/UCGy7SkBjcIAgTiwkXEtPnYg/videos
UC7E9XYQ8hbV54ZDuOKYYxmA,Forrest Galante,wildlife_documentaries,1,1,2761955,2761955,https://www.youtube.com/channel/UC7E9XYQ8hbV54ZDuOKYYxmA/videos
UCx4MRJZPmX9rb6Y7PGmU2Bg,Survive Plus,wildlife_documentaries,1,1,2724903,2724903,https://www.youtube.com/channel/UCx4MRJZPmX9rb6Y7PGmU2Bg/videos
UCt3JiNkefsfbA2N4SgEkoiQ,Visual Venture,internet_mysteries,13,13,2622223,1763348,https://www.youtube.com/channel/UCt3JiNkefsfbA2N4SgEkoiQ/videos
UCtEtiJyqe8KnUb5jEF3SiEQ,kwy true tale,speculative_scifi,1,1,2597919,2597919,https://www.youtube.com/channel/UCtEtiJyqe8KnUb5jEF3SiEQ/videos
UCmOCpBKeoBPp-HwarhIBA2g,Best Documentary,economic_explainers|history_reconstruction,3,3,2538647,118175,https://www.youtube.com/channel/UCmOCpBKeoBPp-HwarhIBA2g/videos
UCkCGANrihzExmu9QiqZpPlQ,How Money Works,economic_explainers,1,1,2436775,2436775,https://www.youtube.com/channel/UCkCGANrihzExmu9QiqZpPlQ/videos
UCe9imMhDp6Kn3dn75mzUUZw,GaiaDocs,wildlife_documentaries,3,3,2325795,1255224,https://www.youtube.com/channel/UCe9imMhDp6Kn3dn75mzUUZw/videos
UCF_y2shYA8CSd8ZoSlbNjtw,Nations Uncovered,wildlife_documentaries,2,2,2320764,1950886,https://www.youtube.com/channel/UCF_y2shYA8CSd8ZoSlbNjtw/videos
UCmbF1cyNa6y7uNYiqYmSVJw,LITTLE BIT BETTER,economic_explainers,1,1,2306817,2306817,https://www.youtube.com/channel/UCmbF1cyNa6y7uNYiqYmSVJw/videos
UCdsOTr6SmDrxuWE7sJFrkhQ,BBC Earth Science,speculative_scifi,1,1,2280662,2280662,https://www.youtube.com/channel/UCdsOTr6SmDrxuWE7sJFrkhQ/videos
UCmHWbnzyRvVvkrSXFdZp7tg,NullSpace,speculative_scifi,1,1,2151986,2151986,https://www.youtube.com/channel/UCmHWbnzyRvVvkrSXFdZp7tg/videos
UCxAt0KkZZUxgG3yxl-WDM2A,Secret Origins,internet_mysteries|speculative_scifi,2,2,2130024,1114383,https://www.youtube.com/channel/UCxAt0KkZZUxgG3yxl-WDM2A/videos
UCOT2iLov0V7Re7ku_3UBtcQ,Hank Green,economic_explainers,1,1,2059755,2059755,https://www.youtube.com/channel/UCOT2iLov0V7Re7ku_3UBtcQ/videos
UCHFoGRSXGOpc6D_NTGv-UyQ,Inqalaab International,internet_mysteries,1,1,2027666,2027666,https://www.youtube.com/channel/UCHFoGRSXGOpc6D_NTGv-UyQ/videos
UCwm2tuDiDGGuULDIx18hEWQ,WildVerse,wildlife_documentaries,4,4,2021748,264990,https://www.youtube.com/channel/UCwm2tuDiDGGuULDIx18hEWQ/videos
UC0Qb7WEWW3xBop_6LC4t7qQ,Unplugged Shubhankar,internet_mysteries,1,1,1970976,1970976,https://www.youtube.com/channel/UC0Qb7WEWW3xBop_6LC4t7qQ/videos
UC7mNX1WWghL-zFDkK55sLAg,Movie union,speculative_scifi,1,1,1966073,1966073,https://www.youtube.com/channel/UC7mNX1WWghL-zFDkK55sLAg/videos
UCHUQEbNQBqO4hj7cxRxUPvQ,Gen-Z Way,economic_explainers,1,1,1955456,1955456,https://www.youtube.com/channel/UCHUQEbNQBqO4hj7cxRxUPvQ/videos
UCtPrkXdtCM5DACLufB9jbsA,MrBallen,internet_mysteries,1,1,1915370,1915370,https://www.youtube.com/channel/UCtPrkXdtCM5DACLufB9jbsA/videos
UC3ScyryU9Oy9Wse3a8OAmYQ,FRONTLINE PBS | Official,economic_explainers,1,1,1799194,1799194,https://www.youtube.com/channel/UC3ScyryU9Oy9Wse3a8OAmYQ/videos
UCq6OAftTQOuUBRdtUDq5SUA,PBS Documentaries,history_reconstruction,1,1,1789287,1789287,https://www.youtube.com/channel/UCq6OAftTQOuUBRdtUDq5SUA/videos
UCVQGtUcRjHTQLTTu-5s9_4Q,Brew,internet_mysteries,3,3,1772434,1588522,https://www.youtube.com/channel/UCVQGtUcRjHTQLTTu-5s9_4Q/videos
UCqPTW4CeoAgq111DA__mP9g,Max Fisher,economic_explainers,1,1,1732405,1732405,https://www.youtube.com/channel/UCqPTW4CeoAgq111DA__mP9g/videos
UCGBoWe1mzCvbbqDNncmxm8A,FINAiUS,economic_explainers|history_reconstruction,2,2,1714107,889882,https://www.youtube.com/channel/UCGBoWe1mzCvbbqDNncmxm8A/videos
UC7R28A21ABhLnvY9bRed8MQ,Nature's Moments,wildlife_documentaries,10,10,1714076,657538,https://www.youtube.com/channel/UC7R28A21ABhLnvY9bRed8MQ/videos
UCHJuQZuzapBh-CuhRYxIZrg,Insider,economic_explainers,1,1,1664279,1664279,https://www.youtube.com/channel/UCHJuQZuzapBh-CuhRYxIZrg/videos
UCAcoda6jlC-xpxGhwW7yFZw,Matt Reconstructs History,history_reconstruction,2,2,1664184,1276332,https://www.youtube.com/channel/UCAcoda6jlC-xpxGhwW7yFZw/videos
UCnM1bIVGUXUIgj-8pqtw1dw,Cine Recaps BD,economic_explainers,1,1,1663140,1663140,https://www.youtube.com/channel/UCnM1bIVGUXUIgj-8pqtw1dw/videos
UC1KmNKYC1l0stjctkGswl6g,After Skool,speculative_scifi,1,1,1622605,1622605,https://www.youtube.com/channel/UC1KmNKYC1l0stjctkGswl6g/videos
UCSoRPhBTtQ4ntgOj4RA_XqA,TRUE GLOBE,wildlife_documentaries,2,2,1583445,1266407,https://www.youtube.com/channel/UCSoRPhBTtQ4ntgOj4RA_XqA/videos
UCqW-PuTMM73Ff6qR8k-8HGg,Darkest Horrors,internet_mysteries,2,2,1554394,929208,https://www.youtube.com/channel/UCqW-PuTMM73Ff6qR8k-8HGg/videos
UCQoPrZpOtAqLL1tFEey-Xzw,WILD Xfact,wildlife_documentaries,2,2,1515668,1361488,https://www.youtube.com/channel/UCQoPrZpOtAqLL1tFEey-Xzw/videos
UCr-BYW60bAtDcNtz6AoiHZQ,SR PAY,internet_mysteries,1,1,1508851,1508851,https://www.youtube.com/channel/UCr-BYW60bAtDcNtz6AoiHZQ/videos
UCWbM5p20UDzs1VLGa9ku2Jw,Myths-creature,wildlife_documentaries,1,1,1502852,1502852,https://www.youtube.com/channel/UCWbM5p20UDzs1VLGa9ku2Jw/videos
UCRxL0nf9H3ZL-CeI8wGmPHQ,Discover Wildlife,wildlife_documentaries,14,14,1446347,172361,https://www.youtube.com/channel/UCRxL0nf9H3ZL-CeI8wGmPHQ/videos
UCoJk14THeWd-KSMpXGtgRXQ,RICHARD TOMSON,speculative_scifi,1,1,1407162,1407162,https://www.youtube.com/channel/UCoJk14THeWd-KSMpXGtgRXQ/videos
UCj4qrWgL8bmAfBTr6EwThow,Survival Alex,wildlife_documentaries,3,3,1373752,221386,https://www.youtube.com/channel/UCj4qrWgL8bmAfBTr6EwThow/videos
UCqOoboPm3uhY_YXhvhmL-WA,Discovery,wildlife_documentaries,1,1,1354235,1354235,https://www.youtube.com/channel/UCqOoboPm3uhY_YXhvhmL-WA/videos
UCkf4ZhyckqAgr_bf-PPS7jA,Wild Animals - Animal Documentary,wildlife_documentaries,3,3,1338672,924929,https://www.youtube.com/channel/UCkf4ZhyckqAgr_bf-PPS7jA/videos
UC65IEk6PTfRZzyvrcYypHQg,Parallel Pipes,internet_mysteries,2,2,1334080,935437,https://www.youtube.com/channel/UC65IEk6PTfRZzyvrcYypHQg/videos
UCc7h-w42GLvShOJp9mLEnfQ,Bixu,wildlife_documentaries,1,1,1326967,1326967,https://www.youtube.com/channel/UCc7h-w42GLvShOJp9mLEnfQ/videos
UCrA4IQGWeWzPT6i2SbVeAUw,Another Universe,speculative_scifi,1,0,1325838,1325838,https://www.youtube.com/channel/UCrA4IQGWeWzPT6i2SbVeAUw/videos
UCbrSe4uBIeqJweOYnJAOsrw,EverythingProfessor,economic_explainers,1,1,1323912,1323912,https://www.youtube.com/channel/UCbrSe4uBIeqJweOYnJAOsrw/videos
UCVOKP-_OYHTnKFDSP89NfAQ,Mavora,wildlife_documentaries,7,7,1258191,279629,https://www.youtube.com/channel/UCVOKP-_OYHTnKFDSP89NfAQ/videos
UC0ggS8bt4v7NiZpDfGqNpZQ,ExtinctZoo ,wildlife_documentaries,1,1,1195014,1195014,https://www.youtube.com/channel/UC0ggS8bt4v7NiZpDfGqNpZQ/videos
UC0ra0vN_iF5AwwU7G8q79rw,Majestic Studios,history_reconstruction,1,1,1155205,1155205,https://www.youtube.com/channel/UC0ra0vN_iF5AwwU7G8q79rw/videos
UCkG49maW4sr4pfxYmz9Jj0g,Flashback Frenzy,history_reconstruction,1,1,1151456,1151456,https://www.youtube.com/channel/UCkG49maW4sr4pfxYmz9Jj0g/videos
UC14Fb2zWTEZklONPXFbLrTQ,Primate Economics,economic_explainers,2,2,1114709,770694,https://www.youtube.com/channel/UC14Fb2zWTEZklONPXFbLrTQ/videos
UCdxuNy-HHb-F3PNG4SRqiOw,JRE Collection,wildlife_documentaries,1,1,1105954,1105954,https://www.youtube.com/channel/UCdxuNy-HHb-F3PNG4SRqiOw/videos
UCOpzwVUNsep7FpN5687XYEA,Sci-Fi Central,speculative_scifi,2,2,1089485,548152,https://www.youtube.com/channel/UCOpzwVUNsep7FpN5687XYEA/videos
UC0g0WbvanQND4dC1JDaW1_w,Wild Horizons,wildlife_documentaries,1,1,1058399,1058399,https://www.youtube.com/channel/UC0g0WbvanQND4dC1JDaW1_w/videos
UCfdNM3NAhaBOXCafH7krzrA,The Infographics Show,economic_explainers,5,5,1042255,717512,https://www.youtube.com/channel/UCfdNM3NAhaBOXCafH7krzrA/videos
UCxoz4YfS4M3H3C57FD4jW4Q,Science Time,speculative_scifi,1,1,1019577,1019577,https://www.youtube.com/channel/UCxoz4YfS4M3H3C57FD4jW4Q/videos
UCbyE5OvaP4GJhKvPCXxjWvw,Fire of Learning,speculative_scifi,1,1,973044,973044,https://www.youtube.com/channel/UCbyE5OvaP4GJhKvPCXxjWvw/videos
UCvQ_EDuk8w67a2UkCS1ptbA,Area52,speculative_scifi,1,1,949687,949687,https://www.youtube.com/channel/UCvQ_EDuk8w67a2UkCS1ptbA/videos
UCXgYsaO70gBNGcmpGKnln1Q,Worlds Before Us,history_reconstruction,2,2,947496,617621,https://www.youtube.com/channel/UCXgYsaO70gBNGcmpGKnln1Q/videos
UCPPrhcXtGR2aMoxrPJRKPLg,Para Bellum,history_reconstruction,1,1,934568,934568,https://www.youtube.com/channel/UCPPrhcXtGR2aMoxrPJRKPLg/videos
UCqD5_a82vcsECJQfmlAoZ-Q,Easy Documentary,speculative_scifi,1,1,911139,911139,https://www.youtube.com/channel/UCqD5_a82vcsECJQfmlAoZ-Q/videos
UCpHaAKu74UHvcYCi2g_PvBQ,Shout! Studios,speculative_scifi,1,1,897771,897771,https://www.youtube.com/channel/UCpHaAKu74UHvcYCi2g_PvBQ/videos
UCvDZfQfK9YySWRh5On8erow,Modern Life Studio,speculative_scifi,2,0,885415,645576,https://www.youtube.com/channel/UCvDZfQfK9YySWRh5On8erow/videos
UCDPk9MG2RexnOMGTD-YnSnA,Nat Geo Animals,wildlife_documentaries,4,3,874836,354055,https://www.youtube.com/channel/UCDPk9MG2RexnOMGTD-YnSnA/videos
UC4GYgpgZzfMhYr9y6rs5O6Q,Trust Me Bro,internet_mysteries,1,1,871796,871796,https://www.youtube.com/channel/UC4GYgpgZzfMhYr9y6rs5O6Q/videos
UCPJ_UzD4PEC-_vwN32amlIQ,Open Letter,economic_explainers,1,1,845840,845840,https://www.youtube.com/channel/UCPJ_UzD4PEC-_vwN32amlIQ/videos
UCLuIudjbquBATgqkIJxQi6A,Animated History ,history_reconstruction,1,1,822378,822378,https://www.youtube.com/channel/UCLuIudjbquBATgqkIJxQi6A/videos
UCR0v_ZA8zKJwxpU9HpDq3fQ,We Got Movies,speculative_scifi,1,1,811852,811852,https://www.youtube.com/channel/UCR0v_ZA8zKJwxpU9HpDq3fQ/videos
UCQtW2oz8ec8pHjjxawujNjg,Free Documentary - Nature,wildlife_documentaries,5,5,811738,558207,https://www.youtube.com/channel/UCQtW2oz8ec8pHjjxawujNjg/videos
UCotwjyJnb-4KW7bmsOoLfkg,Art of the Problem,speculative_scifi,1,1,806895,806895,https://www.youtube.com/channel/UCotwjyJnb-4KW7bmsOoLfkg/videos
UCm8EZfto3AdXqklkb2k550w,FING,internet_mysteries,1,1,804151,804151,https://www.youtube.com/channel/UCm8EZfto3AdXqklkb2k550w/videos
UCs_ineLBnNTGjrArNzjSLZg,Zem TV,internet_mysteries,1,1,788564,788564,https://www.youtube.com/channel/UCs_ineLBnNTGjrArNzjSLZg/videos
UCHa1_v_jRPdJFdU9tmOwxDA,Gaurav katare Extra,internet_mysteries,1,1,774879,774879,https://www.youtube.com/channel/UCHa1_v_jRPdJFdU9tmOwxDA/videos
UCX2IOB5QecICpfcb1GKHM_Q,Gaurav Katare,speculative_scifi,1,1,739847,739847,https://www.youtube.com/channel/UCX2IOB5QecICpfcb1GKHM_Q/videos
UC8GlzFmANazkqEEojSl1ETA,Doctor NOS,wildlife_documentaries,1,1,729771,729771,https://www.youtube.com/channel/UC8GlzFmANazkqEEojSl1ETA/videos
UCcxQHI0pPuOQWLaTJJZoBIQ,ReYOUniverse,speculative_scifi,1,1,722068,722068,https://www.youtube.com/channel/UCcxQHI0pPuOQWLaTJJZoBIQ/videos
UC31GyoVAjRLLK9Nh4298PzA,iamLucid,economic_explainers,1,1,719199,719199,https://www.youtube.com/channel/UC31GyoVAjRLLK9Nh4298PzA/videos
UCcJyQ5dihoKAKwk2aRi-CQw,This Is History,history_reconstruction,1,1,712915,712915,https://www.youtube.com/channel/UCcJyQ5dihoKAKwk2aRi-CQw/videos
UCsDTy8jvHcwMvSZf_JGi-FA,Abhi and Niyu,economic_explainers,1,1,710106,710106,https://www.youtube.com/channel/UCsDTy8jvHcwMvSZf_JGi-FA/videos
UCmFeOdJI3IXgTBDzqBLD8qg,Moon,internet_mysteries,1,1,708027,708027,https://www.youtube.com/channel/UCmFeOdJI3IXgTBDzqBLD8qg/videos
UC7OxCeIvb7GihTlyUjYMmig,Hosh TV,wildlife_documentaries,1,1,681997,681997,https://www.youtube.com/channel/UC7OxCeIvb7GihTlyUjYMmig/videos
UCVVTthHLGBuNeKf5z6jGV2A,Blackfiles,internet_mysteries,1,1,680103,680103,https://www.youtube.com/channel/UCVVTthHLGBuNeKf5z6jGV2A/videos
UCUMZ7gohGI9HcU9VNsr2FJQ,Bloomberg Originals,economic_explainers,3,3,664205,453587,https://www.youtube.com/channel/UCUMZ7gohGI9HcU9VNsr2FJQ/videos
UCZITkCJEfWt4sVq9c4QnoHg,Kuhlaki,internet_mysteries,2,2,664002,445294,https://www.youtube.com/channel/UCZITkCJEfWt4sVq9c4QnoHg/videos
UCVnW6nZwKO--v-hj1imiMEQ,CineBuzz,economic_explainers,2,2,648569,466089,https://www.youtube.com/channel/UCVnW6nZwKO--v-hj1imiMEQ/videos
UCmnxIjObfh9mRqHOstKOQWA,WILDLIFE PLANET HINDI,wildlife_documentaries,1,1,619974,619974,https://www.youtube.com/channel/UCmnxIjObfh9mRqHOstKOQWA/videos
UC6JEz6BKg7hX7idKecN7QYA,Jist,economic_explainers,1,1,619950,619950,https://www.youtube.com/channel/UC6JEz6BKg7hX7idKecN7QYA/videos
UCfW7Uk_vJfa2t5IeWikYv6Q,Explained In minutes,economic_explainers,1,1,594802,594802,https://www.youtube.com/channel/UCfW7Uk_vJfa2t5IeWikYv6Q/videos
UC7sDT8jZ76VLV1u__krUutA,DUST,speculative_scifi,1,1,557264,557264,https://www.youtube.com/channel/UC7sDT8jZ76VLV1u__krUutA/videos
UCWJVsGYhm7K2SuIx362YziA,zapiwala ai,economic_explainers|history_reconstruction,2,1,554974,492475,https://www.youtube.com/channel/UCWJVsGYhm7K2SuIx362YziA/videos
UCdi-rTleLSNBYEVOWuAic5w,Paint Maniac,internet_mysteries,1,1,532832,532832,https://www.youtube.com/channel/UCdi-rTleLSNBYEVOWuAic5w/videos
UCzXHhxQpFRinC1VYBRQRzSQ,The Overnight Millionaire,internet_mysteries,1,1,522778,522778,https://www.youtube.com/channel/UCzXHhxQpFRinC1VYBRQRzSQ/videos
UCohG8-NtggGKbzx8K7YF1uw,GLOBAL DOCUMENTARY - Discovery Travel,history_reconstruction,1,1,506833,506833,https://www.youtube.com/channel/UCohG8-NtggGKbzx8K7YF1uw/videos
UClJKPpFvz_pZb8zBJorPAkQ,The Movie Echo,economic_explainers|internet_mysteries,3,3,500941,218881,https://www.youtube.com/channel/UClJKPpFvz_pZb8zBJorPAkQ/videos
UCrNfRFWnLC3tCy1TnyhVQ7g,Casual Finance,economic_explainers,2,2,496777,437745,https://www.youtube.com/channel/UCrNfRFWnLC3tCy1TnyhVQ7g/videos
UCNye-wNBqNL5ZzHSJj3l8Bg,Al Jazeera English,economic_explainers,3,2,482975,152623,https://www.youtube.com/channel/UCNye-wNBqNL5ZzHSJj3l8Bg/videos
UC5FCyk1QkTBLgWm-w866PGg,Epic AI Films,speculative_scifi,2,2,481619,461469,https://www.youtube.com/channel/UC5FCyk1QkTBLgWm-w866PGg/videos
UCrD9iL5Lkzio-llw6dXDw_w,Unreal True Crime,speculative_scifi,1,1,471560,471560,https://www.youtube.com/channel/UCrD9iL5Lkzio-llw6dXDw_w/videos
UCDKJdFer1phQI95UinPZehw,Turkey Tom,internet_mysteries,1,1,469584,469584,https://www.youtube.com/channel/UCDKJdFer1phQI95UinPZehw/videos
UCdHqdfzdvT7tbAfeQM1gLnQ,Grant Rudow,economic_explainers,1,1,469012,469012,https://www.youtube.com/channel/UCdHqdfzdvT7tbAfeQM1gLnQ/videos
UC-QTh5HFiw28MwFrmFrRjzA,Beginning To Now,history_reconstruction|speculative_scifi,2,2,460942,324488,https://www.youtube.com/channel/UC-QTh5HFiw28MwFrmFrRjzA/videos
UCwOu8GE6bUcIDfEERFEg8gA,Ittehaaz,history_reconstruction,1,1,460827,460827,https://www.youtube.com/channel/UCwOu8GE6bUcIDfEERFEg8gA/videos
UC7fWeaHhqgM4Ry-RMpM2YYw,TRT World,internet_mysteries,1,1,447044,447044,https://www.youtube.com/channel/UC7fWeaHhqgM4Ry-RMpM2YYw/videos
UCHgI_MItRWEKLX7lKz7Xn0g,Top 5 Unknowns,internet_mysteries,2,2,432280,236344,https://www.youtube.com/channel/UCHgI_MItRWEKLX7lKz7Xn0g/videos
UCmw5YZZ7qsemNWpP87AGiew,Resurrected History,history_reconstruction,1,1,431979,431979,https://www.youtube.com/channel/UCmw5YZZ7qsemNWpP87AGiew/videos
UCQUnqaW8Q33siyLYhisN7HQ,Antidote,economic_explainers,1,1,430672,430672,https://www.youtube.com/channel/UCQUnqaW8Q33siyLYhisN7HQ/videos
UCPTDdIFlaBrHdCEerIjdXKw,Khalan Studio,speculative_scifi,2,2,430048,245002,https://www.youtube.com/channel/UCPTDdIFlaBrHdCEerIjdXKw/videos
UCZ4AMrDcNrfy3X6nsU8-rPg,Economics Explained,economic_explainers,3,3,424183,299828,https://www.youtube.com/channel/UCZ4AMrDcNrfy3X6nsU8-rPg/videos
UC3ndYILeJQHyYENS-si226A,NatureVista - English,wildlife_documentaries,1,1,423891,423891,https://www.youtube.com/channel/UC3ndYILeJQHyYENS-si226A/videos
UCpr1JAIc49gu9-FAlO4uAKw,timewarp cities,history_reconstruction,4,4,407482,153241,https://www.youtube.com/channel/UCpr1JAIc49gu9-FAlO4uAKw/videos
UCGBqkakG1XpPyrY1deesPBw,The Flo Factory,speculative_scifi,1,1,357310,357310,https://www.youtube.com/channel/UCGBqkakG1XpPyrY1deesPBw/videos
UCDy5K4UNhE3l9-3mu9V-d3A,How People Make Money,economic_explainers,1,1,350343,350343,https://www.youtube.com/channel/UCDy5K4UNhE3l9-3mu9V-d3A/videos
UCftwRNsjfRo08xYE31tkiyw,WIRED,economic_explainers,1,1,349918,349918,https://www.youtube.com/channel/UCftwRNsjfRo08xYE31tkiyw/videos
UCQmSfO8cYdSV2Mu3gW4bpAw,Ancestors Civilization,history_reconstruction,2,2,333688,167992,https://www.youtube.com/channel/UCQmSfO8cYdSV2Mu3gW4bpAw/videos
UCUMccND2H_CVS0dMZKCPCXA,FinnovationZ by Prasad,economic_explainers,1,1,326024,326024,https://www.youtube.com/channel/UCUMccND2H_CVS0dMZKCPCXA/videos
UCJ3nrau9ioTz--nL-rdLWew,IP Bangla,internet_mysteries,1,1,324375,324375,https://www.youtube.com/channel/UCJ3nrau9ioTz--nL-rdLWew/videos
UC32XD2TGOG0He0Ikxc7it4Q,Kaushik Bhattacharjee,economic_explainers,1,1,309626,309626,https://www.youtube.com/channel/UC32XD2TGOG0He0Ikxc7it4Q/videos
UC99tXyh_OHorW4DafgVc3pQ,Animata Historia,history_reconstruction,2,2,301562,263233,https://www.youtube.com/channel/UC99tXyh_OHorW4DafgVc3pQ/videos
UC6b4NXX4ppECUzdvTsX9Dtw,ancient editions,history_reconstruction,2,2,299637,222452,https://www.youtube.com/channel/UC6b4NXX4ppECUzdvTsX9Dtw/videos
UCknLrEdhRCp1aegoMqRaCZg,DW News,economic_explainers,1,1,295651,295651,https://www.youtube.com/channel/UCknLrEdhRCp1aegoMqRaCZg/videos
UCvaUiQa0X5RxzBiD-fK-oeg,BizLens,economic_explainers,1,0,277807,277807,https://www.youtube.com/channel/UCvaUiQa0X5RxzBiD-fK-oeg/videos
UCoUxsWakJucWg46KW5RsvPw,Financial Times,economic_explainers,1,1,277222,277222,https://www.youtube.com/channel/UCoUxsWakJucWg46KW5RsvPw/videos
UCppyAe3EEAGcGknEr4C4H-A,Beyond The Rings,speculative_scifi,1,1,275528,275528,https://www.youtube.com/channel/UCppyAe3EEAGcGknEr4C4H-A/videos
UCo7FvfMJeTRhO-d7xT8IZlg,Casual Economics,economic_explainers,2,2,267032,203351,https://www.youtube.com/channel/UCo7FvfMJeTRhO-d7xT8IZlg/videos
UCFqYcXDkv9inrIsALD00SQA,Movie Gyan,economic_explainers,1,1,261442,261442,https://www.youtube.com/channel/UCFqYcXDkv9inrIsALD00SQA/videos
UCW39zufHfsuGgpLviKh297Q,DW Documentary,economic_explainers|speculative_scifi,2,2,252161,243171,https://www.youtube.com/channel/UCW39zufHfsuGgpLviKh297Q/videos
UCjIjoDsnz_ygrp2UhiBDZEw,Oldies Radio Station,internet_mysteries,1,1,234976,234976,https://www.youtube.com/channel/UCjIjoDsnz_ygrp2UhiBDZEw/videos
UCywCTTyUWYsLo2-87I6XgkQ,The Net Explainer,internet_mysteries,1,1,232696,232696,https://www.youtube.com/channel/UCywCTTyUWYsLo2-87I6XgkQ/videos
UCgw-ToxY5DEI1jjGuUYthrQ,ImranX ,history_reconstruction,2,2,229536,132525,https://www.youtube.com/channel/UCgw-ToxY5DEI1jjGuUYthrQ/videos
UCBr2W3nb0jPSnommNbbpMAw,Economics Help,economic_explainers,1,1,229209,229209,https://www.youtube.com/channel/UCBr2W3nb0jPSnommNbbpMAw/videos
UCSmi9AQVgpfy-iP8omwd7vA,Ultimate Nature Documentaries,wildlife_documentaries,2,2,227200,113721,https://www.youtube.com/channel/UCSmi9AQVgpfy-iP8omwd7vA/videos
UCf3dc-Y3k5vBTCVpPCAfG6g,Tube Sensei,history_reconstruction,1,1,222549,222549,https://www.youtube.com/channel/UCf3dc-Y3k5vBTCVpPCAfG6g/videos
UCGBO6EahCqQSyXIws1MQdDg,Future Business Tech,speculative_scifi,2,2,218694,115940,https://www.youtube.com/channel/UCGBO6EahCqQSyXIws1MQdDg/videos
UCMlyxcyZvxs7UzvbUEQJehA,Fewne,economic_explainers,1,1,218639,218639,https://www.youtube.com/channel/UCMlyxcyZvxs7UzvbUEQJehA/videos
UC7lSvMZ4xHbj_P_sUpoFxmg,History Unwalled,history_reconstruction,1,1,212408,212408,https://www.youtube.com/channel/UC7lSvMZ4xHbj_P_sUpoFxmg/videos
UCbCb9tjw70AYM4Xp8eEzQWw,WUFO Earth,speculative_scifi,1,1,209930,209930,https://www.youtube.com/channel/UCbCb9tjw70AYM4Xp8eEzQWw/videos
UC2-_WWPT_124iN6jiym4fOw,Asian Boss,economic_explainers,1,1,205508,205508,https://www.youtube.com/channel/UC2-_WWPT_124iN6jiym4fOw/videos
UCUrvQ_4fw01WfWWK-E2KLlA,MODTRICCA,internet_mysteries,1,1,204166,204166,https://www.youtube.com/channel/UCUrvQ_4fw01WfWWK-E2KLlA/videos
UCW-B3YqxljqVGYChJS0FjxQ,The Invisible Hand,economic_explainers,1,1,200588,200588,https://www.youtube.com/channel/UCW-B3YqxljqVGYChJS0FjxQ/videos
UCeY0bbntWzzVIaj2z3QigXg,NBC News,economic_explainers,1,0,200504,200504,https://www.youtube.com/channel/UCeY0bbntWzzVIaj2z3QigXg/videos
UCYatHuZUhLwuj-3OLKYj6zg,DADA TuhiRam ,economic_explainers,1,1,195702,195702,https://www.youtube.com/channel/UCYatHuZUhLwuj-3OLKYj6zg/videos
UCAuUUnT6oDeKwE6v1NGQxug,TED,economic_explainers,1,1,192275,192275,https://www.youtube.com/channel/UCAuUUnT6oDeKwE6v1NGQxug/videos
UCMVhLAn7fXvYKlwM0ytKNmQ,Vincent Perez  Films,speculative_scifi,1,1,183467,183467,https://www.youtube.com/channel/UCMVhLAn7fXvYKlwM0ytKNmQ/videos
UC9QQbK2NjEzlS6u9nFU_Dcw,Paleora,speculative_scifi,3,3,179043,34512,https://www.youtube.com/channel/UC9QQbK2NjEzlS6u9nFU_Dcw/videos
UC9ZBqKzvc6heH9Tui25fP0w,Biome Science,wildlife_documentaries,1,1,177561,177561,https://www.youtube.com/channel/UC9ZBqKzvc6heH9Tui25fP0w/videos
UCSaosepXoz855RLvlrbjyyQ,8K ProRes ULTRA HD,speculative_scifi,1,1,170966,170966,https://www.youtube.com/channel/UCSaosepXoz855RLvlrbjyyQ/videos
UCkoKI2T_WmQNVWQFCbjFGJQ,History Reconstruction,history_reconstruction,2,2,169426,133977,https://www.youtube.com/channel/UCkoKI2T_WmQNVWQFCbjFGJQ/videos
UCcSC_VPnipXJeqPUc2oZtrw,Relax History AI,history_reconstruction,5,5,166708,19007,https://www.youtube.com/channel/UCcSC_VPnipXJeqPUc2oZtrw/videos
UCo5yk-Nj_bW4Svx-kodIybw,History Revived,history_reconstruction,1,1,158530,158530,https://www.youtube.com/channel/UCo5yk-Nj_bW4Svx-kodIybw/videos
UC-uhvujip5deVcEtLxnW8qg,TLDR News Global,economic_explainers,1,1,156102,156102,https://www.youtube.com/channel/UC-uhvujip5deVcEtLxnW8qg/videos
UCJHiG7fRmk8Gdxy6numisMA,Ancient Streets,history_reconstruction,4,4,150926,37123,https://www.youtube.com/channel/UCJHiG7fRmk8Gdxy6numisMA/videos
UCjAXMNVk-bbSPWF7pjIwFJg,Vikash Forensics,internet_mysteries,2,2,146822,79317,https://www.youtube.com/channel/UCjAXMNVk-bbSPWF7pjIwFJg/videos
UCkQ2J1LUtzt_kNzH_cC24AA,Internet Education,economic_explainers,1,1,146205,146205,https://www.youtube.com/channel/UCkQ2J1LUtzt_kNzH_cC24AA/videos
UCmqS13G_ofWMvgxLLUpOmXQ,WealthWise,history_reconstruction,1,1,137920,137920,https://www.youtube.com/channel/UCmqS13G_ofWMvgxLLUpOmXQ/videos
UCRVXfhLRsLWi3_IKnMDiI1Q,poi,internet_mysteries,1,1,131404,131404,https://www.youtube.com/channel/UCRVXfhLRsLWi3_IKnMDiI1Q/videos
UCB2VZlL3LBwe2p3r0f9QY5g,hollnes,wildlife_documentaries,1,1,129518,129518,https://www.youtube.com/channel/UCB2VZlL3LBwe2p3r0f9QY5g/videos
UC65iOHIfKDesHEJDgzNHZsg,Beeyond Ideas,speculative_scifi,1,1,128693,128693,https://www.youtube.com/channel/UC65iOHIfKDesHEJDgzNHZsg/videos
UCaWj2ql_J2M7Dqd78B5U7yQ,Charles VS The Past,history_reconstruction,5,5,127763,59833,https://www.youtube.com/channel/UCaWj2ql_J2M7Dqd78B5U7yQ/videos
UC6LweKXMrLmT9zzXFWBrHhw,FD Adventure,wildlife_documentaries,1,1,127653,127653,https://www.youtube.com/channel/UC6LweKXMrLmT9zzXFWBrHhw/videos
UCBuAkf7VY9EylKftT70RVoA,Reconic,internet_mysteries,1,1,121410,121410,https://www.youtube.com/channel/UCBuAkf7VY9EylKftT70RVoA/videos
UCWfnMYXFqLjJdu8wEsKL2OQ,DatingtoWin,internet_mysteries,1,1,121330,121330,https://www.youtube.com/channel/UCWfnMYXFqLjJdu8wEsKL2OQ/videos
UCPlUfxXfP-Cgg4_qM-y8ivA,Silence of the Earth,speculative_scifi,1,1,121112,121112,https://www.youtube.com/channel/UCPlUfxXfP-Cgg4_qM-y8ivA/videos
UC2YRJWG-tEaMM2NP8d0NkgQ,The Past Rendered,history_reconstruction,1,1,119305,119305,https://www.youtube.com/channel/UC2YRJWG-tEaMM2NP8d0NkgQ/videos
UCKgC1zNdz19-88JIA3dfcVg,GeoWildLife,wildlife_documentaries,1,1,118848,118848,https://www.youtube.com/channel/UCKgC1zNdz19-88JIA3dfcVg/videos
UCj-Mjn68ap6Hgj6sxp2rpRA,The 700 Club,economic_explainers,1,0,118457,118457,https://www.youtube.com/channel/UCj-Mjn68ap6Hgj6sxp2rpRA/videos
UCcTBzAu-sSTjffEKastwhbA,BomboWannaKnow,wildlife_documentaries,1,1,108394,108394,https://www.youtube.com/channel/UCcTBzAu-sSTjffEKastwhbA/videos
UCCP5j9VOo0QCLMTTf1ORtRA,Lilly's Tech Tips,history_reconstruction,1,1,103578,103578,https://www.youtube.com/channel/UCCP5j9VOo0QCLMTTf1ORtRA/videos
UCsEw1xMjZJR2AbdL_V5vDzA,MovieVerse Hindi,speculative_scifi,1,1,101215,101215,https://www.youtube.com/channel/UCsEw1xMjZJR2AbdL_V5vDzA/videos
UCNjPtOCvMrKY5eLwr_-7eUg,Alux.com,economic_explainers,1,1,89351,89351,https://www.youtube.com/channel/UCNjPtOCvMrKY5eLwr_-7eUg/videos
UC06KL-Br-0EJNgbhvCHh2EQ,WILD Nature - Free Documentary,wildlife_documentaries,2,2,88472,83610,https://www.youtube.com/channel/UC06KL-Br-0EJNgbhvCHh2EQ/videos
UCBH8K4CGLlawdLMQsCS86xg,Ai with Gary,history_reconstruction,1,1,87607,87607,https://www.youtube.com/channel/UCBH8K4CGLlawdLMQsCS86xg/videos
UC3XtX9yT-EReSQJvzWVdnXg,RaseliaN,internet_mysteries,1,1,87392,87392,https://www.youtube.com/channel/UC3XtX9yT-EReSQJvzWVdnXg/videos
UCisHJobjgyF4r8pIB8-bRWw,Vanished History,history_reconstruction,1,1,86494,86494,https://www.youtube.com/channel/UCisHJobjgyF4r8pIB8-bRWw/videos
UCyA2QG2Z1vTqExHXoo8UY6A,History of the Future,speculative_scifi,8,8,85629,10817,https://www.youtube.com/channel/UCyA2QG2Z1vTqExHXoo8UY6A/videos
UCOBMTKkkVlOi6-zCYg6R9zQ,THE MOVIE ZONE,speculative_scifi,1,1,82469,82469,https://www.youtube.com/channel/UCOBMTKkkVlOi6-zCYg6R9zQ/videos
UCt8F7pkSZK56hWBHWZLzQVw,Mike's POV History,history_reconstruction,1,1,79311,79311,https://www.youtube.com/channel/UCt8F7pkSZK56hWBHWZLzQVw/videos
UCMePBDaNUNwp7ETgNpbPR6A,Mystery Archives,internet_mysteries,1,1,78391,78391,https://www.youtube.com/channel/UCMePBDaNUNwp7ETgNpbPR6A/videos
UCAwfCgYna9kN2XRx0-wObyQ,WUFO - Science Documentaries,speculative_scifi,1,1,76517,76517,https://www.youtube.com/channel/UCAwfCgYna9kN2XRx0-wObyQ/videos
UCGUA1G140MmtPbRnENA5zEA,VISTAAR CINETALKS ,economic_explainers,1,1,74100,74100,https://www.youtube.com/channel/UCGUA1G140MmtPbRnENA5zEA/videos
UCWU1EakN5da6jXrOkrU3yFg,Money Degree,economic_explainers,1,1,71687,71687,https://www.youtube.com/channel/UCWU1EakN5da6jXrOkrU3yFg/videos
UCdR7eGozLjafYMTd2BFnJaQ,Youri van Hofwegen,history_reconstruction,1,1,70864,70864,https://www.youtube.com/channel/UCdR7eGozLjafYMTd2BFnJaQ/videos
UC8JT2m0mKEgvEtie3JNKwew,Naked Science,speculative_scifi,1,1,70773,70773,https://www.youtube.com/channel/UC8JT2m0mKEgvEtie3JNKwew/videos
UCAMvT4Hv3cjmqYilDhuDS_A,Parseca,speculative_scifi,1,1,70245,70245,https://www.youtube.com/channel/UCAMvT4Hv3cjmqYilDhuDS_A/videos
UCsmnfJ6534x5vFxn0nSYVog,DarkWaters9,internet_mysteries,2,2,69098,53088,https://www.youtube.com/channel/UCsmnfJ6534x5vFxn0nSYVog/videos
UCJuyiB0GT9-q92gC_M3XLpg,Indie Rights Movies For Free,speculative_scifi,1,1,68788,68788,https://www.youtube.com/channel/UCJuyiB0GT9-q92gC_M3XLpg/videos
UCjgHF4-QRf-nX2XDatoHpAA,Flevo Mapping,speculative_scifi,1,1,68195,68195,https://www.youtube.com/channel/UCjgHF4-QRf-nX2XDatoHpAA/videos
UCNAf1k0yIjyGu3k9BwAg3lg,Sky Sports Premier League,history_reconstruction,1,1,66007,66007,https://www.youtube.com/channel/UCNAf1k0yIjyGu3k9BwAg3lg/videos
UCmB6U6fVkEaUpOI-_5uRjZA,Study Glows,economic_explainers,1,1,63220,63220,https://www.youtube.com/channel/UCmB6U6fVkEaUpOI-_5uRjZA/videos
UC5M4AITera9RmytwHTIQWvQ,Andrew Restores History,history_reconstruction,1,1,62883,62883,https://www.youtube.com/channel/UC5M4AITera9RmytwHTIQWvQ/videos
UCnThE8FLrlN-tYvZhZL0uaA,Finance Bureau,economic_explainers,1,1,61338,61338,https://www.youtube.com/channel/UCnThE8FLrlN-tYvZhZL0uaA/videos
UCe-WJ14657ObdpIs2kIL13w,VIRAT IAS INSIGHTS,economic_explainers,1,1,50363,50363,https://www.youtube.com/channel/UCe-WJ14657ObdpIs2kIL13w/videos
UCFgNoF4f-1R_buASvPbZAcg,Secret Wonders,wildlife_documentaries,1,1,49892,49892,https://www.youtube.com/channel/UCFgNoF4f-1R_buASvPbZAcg/videos
UC4KADp8efnSDDQNu7mWP2Uw,pearsonedits,internet_mysteries,1,1,48679,48679,https://www.youtube.com/channel/UC4KADp8efnSDDQNu7mWP2Uw/videos
UCi52jXjgQlJr4loQ4AX_XDw,Paladin - Reconstructing History,history_reconstruction,5,5,48259,3726,https://www.youtube.com/channel/UCi52jXjgQlJr4loQ4AX_XDw/videos
UC6PKOju_xOQpzB9eFsFUwcw,Epic Unreal Planet,wildlife_documentaries,1,1,47985,47985,https://www.youtube.com/channel/UC6PKOju_xOQpzB9eFsFUwcw/videos
UC1EIoqFQ2sdKuost-p_UwBQ,The Financial Coin Historian,economic_explainers,1,1,47445,47445,https://www.youtube.com/channel/UC1EIoqFQ2sdKuost-p_UwBQ/videos
UCd1LAfchzQNxFCLf9XufeGg,Alien Realms,speculative_scifi,1,0,46931,46931,https://www.youtube.com/channel/UCd1LAfchzQNxFCLf9XufeGg/videos
UCOM-C08bY8AKRXPV7XHqvBg,Islamic Dynasties,history_reconstruction,1,1,45111,45111,https://www.youtube.com/channel/UCOM-C08bY8AKRXPV7XHqvBg/videos
UC-TjVEuwB5EwpA4k8XQulag,Sleep On Science,speculative_scifi,1,1,43357,43357,https://www.youtube.com/channel/UC-TjVEuwB5EwpA4k8XQulag/videos
UCHNv21Apt9Oo0jIjjv7Ln6g,Alien Vault,speculative_scifi,1,1,41467,41467,https://www.youtube.com/channel/UCHNv21Apt9Oo0jIjjv7Ln6g/videos
UCzgzfTfgc447e1IgIXfqs5A,ChronoVerse Cinema,speculative_scifi,1,1,41211,41211,https://www.youtube.com/channel/UCzgzfTfgc447e1IgIXfqs5A/videos
UCDfrO_xLhJ5r4be2rvzFv7w,History Defining Moments,history_reconstruction,1,1,37443,37443,https://www.youtube.com/channel/UCDfrO_xLhJ5r4be2rvzFv7w/videos
UCuWIT9JJoL89oB3wQYgkvmQ,ROAR!,history_reconstruction,2,0,36608,25735,https://www.youtube.com/channel/UCuWIT9JJoL89oB3wQYgkvmQ/videos
UC5WC-_hfF21iwzYo4-HNW6w,Crimzcrypt AI,economic_explainers,1,1,36382,36382,https://www.youtube.com/channel/UC5WC-_hfF21iwzYo4-HNW6w/videos
UCPnAmf148_cC-_du2tiHhVw,Octane TV,speculative_scifi,1,1,36381,36381,https://www.youtube.com/channel/UCPnAmf148_cC-_du2tiHhVw/videos
UC_ilpesdu6ni3vQHDmQ8QZw,History Reborn AI,history_reconstruction,4,4,35837,18600,https://www.youtube.com/channel/UC_ilpesdu6ni3vQHDmQ8QZw/videos
UCdgZlLka1o3c2bkdHDDdZpQ,Stellar Cinema,speculative_scifi,1,1,35413,35413,https://www.youtube.com/channel/UCdgZlLka1o3c2bkdHDDdZpQ/videos
UChS4AUut9ycsEqT8RAwFseA,Aiimagination,speculative_scifi,1,0,31808,31808,https://www.youtube.com/channel/UChS4AUut9ycsEqT8RAwFseA/videos
UCtLzJHrw6_iGgXPi_Kj1L_g,ManBesideAi,history_reconstruction,1,0,29551,29551,https://www.youtube.com/channel/UCtLzJHrw6_iGgXPi_Kj1L_g/videos
UCYb7KaU5rBD20Ce5nIBCygw,Wisdom From North,speculative_scifi,1,1,29279,29279,https://www.youtube.com/channel/UCYb7KaU5rBD20Ce5nIBCygw/videos
UCXS8uyzv4pKncDlsxkbigtw,Light and Tale,speculative_scifi,1,0,28534,28534,https://www.youtube.com/channel/UCXS8uyzv4pKncDlsxkbigtw/videos
UCsS21OBhOiyv-ezTTFSDbiQ,FAMILY RUMI KPOP,speculative_scifi,1,1,28205,28205,https://www.youtube.com/channel/UCsS21OBhOiyv-ezTTFSDbiQ/videos
UCA1zVt6y6hidCOBUrn1si8Q,FD Finance,economic_explainers,1,1,25007,25007,https://www.youtube.com/channel/UCA1zVt6y6hidCOBUrn1si8Q/videos
UCib8z9RWBK1xucFXG_q-Siw,Mysterious-Fact,wildlife_documentaries,1,1,24038,24038,https://www.youtube.com/channel/UCib8z9RWBK1xucFXG_q-Siw/videos
UCHQqZTuxPDLpNJiIoVVdEAA,SANTUY MOVIE,internet_mysteries,1,1,22447,22447,https://www.youtube.com/channel/UCHQqZTuxPDLpNJiIoVVdEAA/videos
UC-txsiL8chU0vOrA0rsm-Ew,"Apex Frame SciFi
",speculative_scifi,1,1,21575,21575,https://www.youtube.com/channel/UC-txsiL8chU0vOrA0rsm-Ew/videos
UCY2YYzP7dPegfjXcPecAlYA,mrbloom,history_reconstruction,1,1,19842,19842,https://www.youtube.com/channel/UCY2YYzP7dPegfjXcPecAlYA/videos
UCJC35B558iY_ljm6RwRlkcg,Arthur Revives the Past,history_reconstruction,1,1,19239,19239,https://www.youtube.com/channel/UCJC35B558iY_ljm6RwRlkcg/videos
UCW1ztCiXTtvxWEN50eiDvGg,CASE FILES DECLASSIFIED,internet_mysteries,1,1,16732,16732,https://www.youtube.com/channel/UCW1ztCiXTtvxWEN50eiDvGg/videos
UCgh64ACtEEg54f9aPnCjbQA,The Explanations Loop,economic_explainers,1,1,16551,16551,https://www.youtube.com/channel/UCgh64ACtEEg54f9aPnCjbQA/videos
UCue2DK0ccHtBrP9V__gYl6A,Scenic Scenes,wildlife_documentaries,1,1,15324,15324,https://www.youtube.com/channel/UCue2DK0ccHtBrP9V__gYl6A/videos
UC3Rr9YlTfQJcp_-Qf2uGGQQ,Past Uncovered,history_reconstruction,2,2,13805,9661,https://www.youtube.com/channel/UC3Rr9YlTfQJcp_-Qf2uGGQQ/videos
UCPohbSYq4IXhv0yxiy-sT4g,Yadnya Investment Academy,economic_explainers,1,1,13432,13432,https://www.youtube.com/channel/UCPohbSYq4IXhv0yxiy-sT4g/videos
UCiVD6u5K5nZVmVLVzadw2hw,PastWalks,history_reconstruction,1,1,12253,12253,https://www.youtube.com/channel/UCiVD6u5K5nZVmVLVzadw2hw/videos
UC6RcE6Vif-2ZDo0XvufHVSQ,Who Gets Paid,economic_explainers,1,1,11586,11586,https://www.youtube.com/channel/UC6RcE6Vif-2ZDo0XvufHVSQ/videos
UCchl91rVxlYfTlhikfzn2Cw,Echoes of History Eternal,history_reconstruction,1,1,7654,7654,https://www.youtube.com/channel/UCchl91rVxlYfTlhikfzn2Cw/videos
UCaoz4kRJ8C4MR5wmK4qMi1Q,IF TV,speculative_scifi,1,1,7422,7422,https://www.youtube.com/channel/UCaoz4kRJ8C4MR5wmK4qMi1Q/videos
UCexls3bdo5ZVsspaVG6_Izg,Wildlife Professor,wildlife_documentaries,1,1,6814,6814,https://www.youtube.com/channel/UCexls3bdo5ZVsspaVG6_Izg/videos
UCO-K4Bggr246g8Yudin0_7Q,Claw Wildlife ,wildlife_documentaries,2,2,6198,3582,https://www.youtube.com/channel/UCO-K4Bggr246g8Yudin0_7Q/videos
UC1U3EGWYzlCJ_EnMYNADmrA,PRIME24,speculative_scifi,1,0,6048,6048,https://www.youtube.com/channel/UC1U3EGWYzlCJ_EnMYNADmrA/videos
UC3nw6TwaLBJ-MXeTlBsFazw,Scams,internet_mysteries,1,1,5980,5980,https://www.youtube.com/channel/UC3nw6TwaLBJ-MXeTlBsFazw/videos
UCdpDOLDodENOwfA0b4fLwsw,Spoke Media ,economic_explainers,1,1,5599,5599,https://www.youtube.com/channel/UCdpDOLDodENOwfA0b4fLwsw/videos
UCbE9KHOcScAuFJUdV7zSDMw,Fossil Legacy,history_reconstruction,1,1,4969,4969,https://www.youtube.com/channel/UCbE9KHOcScAuFJUdV7zSDMw/videos
UCx3jhoCjNpOuYYQ9yDVx6CQ,Rajnikant Sharma,economic_explainers,1,1,4653,4653,https://www.youtube.com/channel/UCx3jhoCjNpOuYYQ9yDVx6CQ/videos
UCJawyJQfPe7bAJV-sbK2Hug,CzieReacts ,internet_mysteries,1,1,4530,4530,https://www.youtube.com/channel/UCJawyJQfPe7bAJV-sbK2Hug/videos
UCKWieOUV7aJFvn6iCsRCA9A,Dr. Charlie’s History Lab,history_reconstruction,1,1,4217,4217,https://www.youtube.com/channel/UCKWieOUV7aJFvn6iCsRCA9A/videos
UCqdtXFhkh7FnrkUFtv1UFhQ,True Crime Breakdown,internet_mysteries,1,1,3139,3139,https://www.youtube.com/channel/UCqdtXFhkh7FnrkUFtv1UFhQ/videos
UCJIHOWrfHy5r5piOl550H3g,BBS Earth Explore,wildlife_documentaries,1,1,2871,2871,https://www.youtube.com/channel/UCJIHOWrfHy5r5piOl550H3g/videos
UCKXF6QPkTtfp_8Vege6vQJw,Pustak Manthan,wildlife_documentaries,1,1,2840,2840,https://www.youtube.com/channel/UCKXF6QPkTtfp_8Vege6vQJw/videos
UCoEYjQEH0DVnjJBwVMfTpXA,Ya Boi Tyler,speculative_scifi,1,0,2650,2650,https://www.youtube.com/channel/UCoEYjQEH0DVnjJBwVMfTpXA/videos
UCjeWO9iCdY45AN2lmLG20Qw,Ancient Daily Life,history_reconstruction,1,1,2627,2627,https://www.youtube.com/channel/UCjeWO9iCdY45AN2lmLG20Qw/videos
UCRqnYkyp0c7rRBjigGzzUHQ,Lost Timelines,speculative_scifi,1,1,2384,2384,https://www.youtube.com/channel/UCRqnYkyp0c7rRBjigGzzUHQ/videos
UCtsbFwFmQb3tnaIbn7EjdUA,Living History,history_reconstruction,4,4,2322,998,https://www.youtube.com/channel/UCtsbFwFmQb3tnaIbn7EjdUA/videos
UCPBEqHIU1d4OFj7rHDooD4g,The Money Files,economic_explainers,1,1,2242,2242,https://www.youtube.com/channel/UCPBEqHIU1d4OFj7rHDooD4g/videos
UCPPPrnT5080hPMxK1N4QSjA,V Movies,speculative_scifi,1,1,2216,2216,https://www.youtube.com/channel/UCPPPrnT5080hPMxK1N4QSjA/videos
UCIyTvJiC7V6CZVwYRsaFRMw,Lazare_Survey,history_reconstruction,1,1,2120,2120,https://www.youtube.com/channel/UCIyTvJiC7V6CZVwYRsaFRMw/videos
UCkZNFqU5TTUTsz16TWAORkw,Wildlife Documentary Hub,wildlife_documentaries,1,1,2047,2047,https://www.youtube.com/channel/UCkZNFqU5TTUTsz16TWAORkw/videos
UCGQBaG37gPK2wWKCIdjAv3Q,The Financial Explorer,economic_explainers,1,1,1566,1566,https://www.youtube.com/channel/UCGQBaG37gPK2wWKCIdjAv3Q/videos
UCrlCaLt9pYCtDmmFIKOxHfw,CHANNEL INFO,internet_mysteries,1,0,1412,1412,https://www.youtube.com/channel/UCrlCaLt9pYCtDmmFIKOxHfw/videos
UCJvLs_Awo714snqVhRhIa7Q,Failure to Launch Podcast,speculative_scifi,1,1,1111,1111,https://www.youtube.com/channel/UCJvLs_Awo714snqVhRhIa7Q/videos
UCT6nZ4zm71f4jladVfoNq2w,Tell Me Something,history_reconstruction,1,1,1049,1049,https://www.youtube.com/channel/UCT6nZ4zm71f4jladVfoNq2w/videos
UCeZBbtRKoP0jnEY1oQrrsNQ,Epic History Archive,history_reconstruction,2,2,1045,720,https://www.youtube.com/channel/UCeZBbtRKoP0jnEY1oQrrsNQ/videos
UCa3UQNnYZeXMG-hWUkDPgjg,Captured in History ,history_reconstruction,1,1,910,910,https://www.youtube.com/channel/UCa3UQNnYZeXMG-hWUkDPgjg/videos
UC4zo9Qgn-lNloW1TSzRuqTQ,It Gets Weirder,history_reconstruction,1,1,794,794,https://www.youtube.com/channel/UC4zo9Qgn-lNloW1TSzRuqTQ/videos
UC4FhNlqqdLDDtHwx2xFO6kw,History Create,history_reconstruction,1,0,786,786,https://www.youtube.com/channel/UC4FhNlqqdLDDtHwx2xFO6kw/videos
UC_Goeghm6xJJRkGHsOU9_Wg,Market Explained,economic_explainers,1,1,645,645,https://www.youtube.com/channel/UC_Goeghm6xJJRkGHsOU9_Wg/videos
UC6gaTCLT2Fmb0YX1JuogKeA,Tracy Ann  Doss ,internet_mysteries,1,1,605,605,https://www.youtube.com/channel/UC6gaTCLT2Fmb0YX1JuogKeA/videos
UCAh4N3-g1Z0AZk4uYfyMqUw,Vicky Logic,history_reconstruction,1,1,535,535,https://www.youtube.com/channel/UCAh4N3-g1Z0AZk4uYfyMqUw/videos
UCZSgDGZ9fvHBjk6QusZsXFQ,DeshNomics,internet_mysteries,1,1,528,528,https://www.youtube.com/channel/UCZSgDGZ9fvHBjk6QusZsXFQ/videos
UCIw1A72AbrFPbie2wIsBF-Q,Hidden Chapels,history_reconstruction,1,1,512,512,https://www.youtube.com/channel/UCIw1A72AbrFPbie2wIsBF-Q/videos
UCfgxWVP79cWG3qCGyy31Xqg,MDNEWS,internet_mysteries,1,1,505,505,https://www.youtube.com/channel/UCfgxWVP79cWG3qCGyy31Xqg/videos
UCT8B6iomFt7jCvKUPROL4aQ,Discover The World,economic_explainers,1,1,463,463,https://www.youtube.com/channel/UCT8B6iomFt7jCvKUPROL4aQ/videos
UCFVOB2qjF7BDWR85hyBxpvA,History in 1000s,history_reconstruction,1,1,436,436,https://www.youtube.com/channel/UCFVOB2qjF7BDWR85hyBxpvA/videos
UC926CKBvQdno5vqAav7DKlg,DirectorPsycho,speculative_scifi,1,0,432,432,https://www.youtube.com/channel/UC926CKBvQdno5vqAav7DKlg/videos
UC8xJed7ACI1qnYxEfY0nlyg,Axis Narrative,history_reconstruction,1,1,422,422,https://www.youtube.com/channel/UC8xJed7ACI1qnYxEfY0nlyg/videos
UCkBmzI7ReQx3fqQlRxev-oA,History Daily Life,history_reconstruction,1,1,371,371,https://www.youtube.com/channel/UCkBmzI7ReQx3fqQlRxev-oA/videos
UC9W7GzEecOzSb3OQolb4qGQ,A9N Films,history_reconstruction,1,1,334,334,https://www.youtube.com/channel/UC9W7GzEecOzSb3OQolb4qGQ/videos
UCvWyksdTj1-wWMpkSBjQ1Vw,Plot Pulse,speculative_scifi,1,1,284,284,https://www.youtube.com/channel/UCvWyksdTj1-wWMpkSBjQ1Vw/videos
UC-o-yDbbL6rJLLwaGVLBJKQ,Black Tape Files,internet_mysteries,1,1,181,181,https://www.youtube.com/channel/UC-o-yDbbL6rJLLwaGVLBJKQ/videos
UCt9GIxKoOpKfmSLwdzS3yxw,Unsettled,internet_mysteries,1,1,155,155,https://www.youtube.com/channel/UCt9GIxKoOpKfmSLwdzS3yxw/videos
UClJa3_PriFmeHjG1AtDGNPA,Nature's Wildlife,wildlife_documentaries,1,1,153,153,https://www.youtube.com/channel/UClJa3_PriFmeHjG1AtDGNPA/videos
UCyvqURfwOFdnB0d_6Md1rEQ,indywaves606,speculative_scifi,1,1,143,143,https://www.youtube.com/channel/UCyvqURfwOFdnB0d_6Md1rEQ/videos
UC2bjIW-DT0tszA-IEvXX3KA, English Mindcast,history_reconstruction,1,1,141,141,https://www.youtube.com/channel/UC2bjIW-DT0tszA-IEvXX3KA/videos
UCZv4VzfrS61JXqzlxrrKQyQ,Vivid History AI,history_reconstruction,1,1,137,137,https://www.youtube.com/channel/UCZv4VzfrS61JXqzlxrrKQyQ/videos
UCc-931hHB6vvtB_-7cbNs7Q,What If Politics,economic_explainers,1,1,129,129,https://www.youtube.com/channel/UCc-931hHB6vvtB_-7cbNs7Q/videos
UCuG3DM-rUFkJ5hXk_TIe5SA,Unknown Dollar,economic_explainers,1,1,124,124,https://www.youtube.com/channel/UCuG3DM-rUFkJ5hXk_TIe5SA/videos
UCDcos6ay1nqzS2BOlPuoyPQ,Prompted History,history_reconstruction,1,1,120,120,https://www.youtube.com/channel/UCDcos6ay1nqzS2BOlPuoyPQ/videos
UCEx4SuiSEiqcUyE2mQxkxYA,StickMan Decoder,economic_explainers,1,0,119,119,https://www.youtube.com/channel/UCEx4SuiSEiqcUyE2mQxkxYA/videos
UC9_U5kPLsPJSP1MUfDz6O6A,OFFICIAL CRIMINOLOGY,economic_explainers,1,1,102,102,https://www.youtube.com/channel/UC9_U5kPLsPJSP1MUfDz6O6A/videos
UCkxL9JlOkHDQPE1_XTbO7Gw,Anmol Sharma,economic_explainers,1,1,96,96,https://www.youtube.com/channel/UCkxL9JlOkHDQPE1_XTbO7Gw/videos
UCJFH9w3bRSVJx_VhWK34h5A,AInigma,speculative_scifi,1,0,93,93,https://www.youtube.com/channel/UCJFH9w3bRSVJx_VhWK34h5A/videos
UCK8DP8ThAk58do91yif1FuA,Timelines Reborn,history_reconstruction,1,1,92,92,https://www.youtube.com/channel/UCK8DP8ThAk58do91yif1FuA/videos
UC_ggxFiKnsSO4wVwvoGJo0A,Ancient secrets. History tales,history_reconstruction,1,0,85,85,https://www.youtube.com/channel/UC_ggxFiKnsSO4wVwvoGJo0A/videos
UC0mATVwgyJdQRNEvdCNhLQw,The Fellow Investor,economic_explainers,1,0,81,81,https://www.youtube.com/channel/UC0mATVwgyJdQRNEvdCNhLQw/videos
UCJLSWVnaLqRu4t6dDOkRTUg,INSPACED ,speculative_scifi,1,1,79,79,https://www.youtube.com/channel/UCJLSWVnaLqRu4t6dDOkRTUg/videos
UCo-cuwAhigElY7GTd2hCqaA,Ancient Reconstructs History,history_reconstruction,1,1,72,72,https://www.youtube.com/channel/UCo-cuwAhigElY7GTd2hCqaA/videos
UClXtLwS04Mk5STfhAaE_kFQ,Ghar Chara,speculative_scifi,1,1,69,69,https://www.youtube.com/channel/UClXtLwS04Mk5STfhAaE_kFQ/videos
UCnaobXuJ-muqZ3iGZoel_7g,World Creatar Plus ,speculative_scifi,1,0,59,59,https://www.youtube.com/channel/UCnaobXuJ-muqZ3iGZoel_7g/videos
UCPVgmc9C4dNjp9EplCCRn5A,Finance Chronicles,economic_explainers,1,1,57,57,https://www.youtube.com/channel/UCPVgmc9C4dNjp9EplCCRn5A/videos
UCnWDgmoOayZDimB3X9PSTXg,Worlds Reconstructed,history_reconstruction,1,0,56,56,https://www.youtube.com/channel/UCnWDgmoOayZDimB3X9PSTXg/videos
UCPyZDLZzUxy4cnTB0G2Wt4A,Quick Verse,speculative_scifi,1,1,54,54,https://www.youtube.com/channel/UCPyZDLZzUxy4cnTB0G2Wt4A/videos
UCHOocsUOZDp4xgDQrBLJ3xA,American Sources ,economic_explainers,1,0,51,51,https://www.youtube.com/channel/UCHOocsUOZDp4xgDQrBLJ3xA/videos
UC9wZ6pdXlEIAN7PJYhJrgcg,Alpha Presence Media,history_reconstruction,1,1,48,48,https://www.youtube.com/channel/UC9wZ6pdXlEIAN7PJYhJrgcg/videos
UCJD7hwtWGjJECpGZk2L9sJA,ZappyToonskid ,speculative_scifi,2,0,48,28,https://www.youtube.com/channel/UCJD7hwtWGjJECpGZk2L9sJA/videos
UCpX94XdtsJKSXuGlL_P7F_w,The Altered Timeline ,speculative_scifi,1,1,43,43,https://www.youtube.com/channel/UCpX94XdtsJKSXuGlL_P7F_w/videos
UCS89Byb2r-4ig8bUqpaceLw,HIST ,economic_explainers,1,1,40,40,https://www.youtube.com/channel/UCS89Byb2r-4ig8bUqpaceLw/videos
UCX6Y9hNdazfm-kJK-1QQ53A,Fotyra Studio,speculative_scifi,1,0,36,36,https://www.youtube.com/channel/UCX6Y9hNdazfm-kJK-1QQ53A/videos
UC3vWJngu6ViFs35YbF6yz5g,EclecticBlendHub,speculative_scifi,1,0,35,35,https://www.youtube.com/channel/UC3vWJngu6ViFs35YbF6yz5g/videos
UCAjM2orxafAp-phU94QKK8A,Financial Cycles,economic_explainers,1,1,34,34,https://www.youtube.com/channel/UCAjM2orxafAp-phU94QKK8A/videos
UCovdPx9RJ49qDd53fXHxVUQ,Financial Empire,economic_explainers,1,1,32,32,https://www.youtube.com/channel/UCovdPx9RJ49qDd53fXHxVUQ/videos
UCkyOfu3ogDlpU3bxkvZ8uOA,Kids Toon Stories ,economic_explainers,1,0,28,28,https://www.youtube.com/channel/UCkyOfu3ogDlpU3bxkvZ8uOA/videos
UC0NTolPaaLKR693A-JZMPFA,Forgotten Frames,history_reconstruction,1,0,27,27,https://www.youtube.com/channel/UC0NTolPaaLKR693A-JZMPFA/videos
UCY6AEi16zlJGqeCtxh37I0w,Finance With Financer,economic_explainers,1,0,27,27,https://www.youtube.com/channel/UCY6AEi16zlJGqeCtxh37I0w/videos
UCaxUVlb7sr4abtrHy8PzZDQ,Phantom Cosmos,speculative_scifi,1,0,27,27,https://www.youtube.com/channel/UCaxUVlb7sr4abtrHy8PzZDQ/videos
UClpjtFUieGEUtRI8QPViFfA,Simulated by AI,speculative_scifi,1,0,27,27,https://www.youtube.com/channel/UClpjtFUieGEUtRI8QPViFfA/videos
UCvG1gfAJhgPLAI6Ri2o6MZw,Nomi Docs,economic_explainers,1,1,26,26,https://www.youtube.com/channel/UCvG1gfAJhgPLAI6Ri2o6MZw/videos
UCry7j0ARLXfbRiOw_gpIwBQ,SentientDust,speculative_scifi,1,1,26,26,https://www.youtube.com/channel/UCry7j0ARLXfbRiOw_gpIwBQ/videos
UClSk7N-ED-BzDakdw5mzdZA,Academic_Investor,economic_explainers,1,0,26,26,https://www.youtube.com/channel/UClSk7N-ED-BzDakdw5mzdZA/videos
UCuFa43lQA2dNyB2TDxGJfzg,HistoPlexx,speculative_scifi,1,1,25,25,https://www.youtube.com/channel/UCuFa43lQA2dNyB2TDxGJfzg/videos
UCtVPrxIeDrE5SQGUdl7SL7g,Guttu,internet_mysteries,1,1,20,20,https://www.youtube.com/channel/UCtVPrxIeDrE5SQGUdl7SL7g/videos
UC57BueXueAK6LAc7F5Fah6A,Tern-tv,economic_explainers,1,0,20,20,https://www.youtube.com/channel/UC57BueXueAK6LAc7F5Fah6A/videos
UCKUO52wpzFQn2LjybBS-PGQ,Retroscope,speculative_scifi,1,1,19,19,https://www.youtube.com/channel/UCKUO52wpzFQn2LjybBS-PGQ/videos
UC4n9Ci94apUG-4ypCsHVjKw,Hidden Truth Files,internet_mysteries,1,1,18,18,https://www.youtube.com/channel/UC4n9Ci94apUG-4ypCsHVjKw/videos
UCSOI_XVqIqwbQW-SnWpPjGA,Empire of Money,economic_explainers,1,1,13,13,https://www.youtube.com/channel/UCSOI_XVqIqwbQW-SnWpPjGA/videos
UC1xTNoJLLbFvjE-OAFvv9wA,Boss Facts,speculative_scifi,1,1,13,13,https://www.youtube.com/channel/UC1xTNoJLLbFvjE-OAFvv9wA/videos
UCLhRkUwarcknK16v1AjRqIg,History SSM,history_reconstruction,1,0,13,13,https://www.youtube.com/channel/UCLhRkUwarcknK16v1AjRqIg/videos
UCAnkPIhSd7qSMtt6rxFDAiQ,Indo dark thriller ,economic_explainers,1,0,13,13,https://www.youtube.com/channel/UCAnkPIhSd7qSMtt6rxFDAiQ/videos
UCiCRV4mluiGUmmMzZwLvZnQ,Kay Is Dead,internet_mysteries,1,1,12,12,https://www.youtube.com/channel/UCiCRV4mluiGUmmMzZwLvZnQ/videos
UCQArOGTvTCInZVGZ9lcRIAA,Thinkdom,economic_explainers,1,0,11,11,https://www.youtube.com/channel/UCQArOGTvTCInZVGZ9lcRIAA/videos
UCoWYbKwlQq1iZLACfrE5OZw,Republic of Economy,economic_explainers,1,0,9,9,https://www.youtube.com/channel/UCoWYbKwlQq1iZLACfrE5OZw/videos
UCtHs1FrxXh5Ob87gRWIzYew,B.P History,history_reconstruction,1,1,7,7,https://www.youtube.com/channel/UCtHs1FrxXh5Ob87gRWIzYew/videos
UCrcM0KnyQTDeYw1NvNBe_PA,Hidden Space,speculative_scifi,1,1,7,7,https://www.youtube.com/channel/UCrcM0KnyQTDeYw1NvNBe_PA/videos
UC7icSz2BtQGdAzzNE9bSm9w,Trulyx,internet_mysteries,1,0,6,6,https://www.youtube.com/channel/UC7icSz2BtQGdAzzNE9bSm9w/videos
UC4LgptVpeR8qxYI9DN6RXmQ,KADYVEX STUDIOS,speculative_scifi,1,0,5,5,https://www.youtube.com/channel/UC4LgptVpeR8qxYI9DN6RXmQ/videos
UC4NWzBUUW5W1yDwRZPKyQrQ,VEXER,speculative_scifi,1,0,5,5,https://www.youtube.com/channel/UC4NWzBUUW5W1yDwRZPKyQrQ/videos
UCybIIP3xb-ccNbCq7cfW28Q,Restoring the Past,history_reconstruction,1,1,4,4,https://www.youtube.com/channel/UCybIIP3xb-ccNbCq7cfW28Q/videos
UCP_E9zeJC6_2_VVQaiZPuEQ,old history,economic_explainers,1,0,3,3,https://www.youtube.com/channel/UCP_E9zeJC6_2_VVQaiZPuEQ/videos
UC88CCChNxIL0XO5VuHGvFVA,BlackSpace,speculative_scifi,1,1,2,2,https://www.youtube.com/channel/UC88CCChNxIL0XO5VuHGvFVA/videos
UCOvMS0Y4lDQF9AWQvazSXRw,What If Archives,speculative_scifi,1,0,2,2,https://www.youtube.com/channel/UCOvMS0Y4lDQF9AWQvazSXRw/videos
UC3BTP2FmssM9YAt2QIe6u4A,The Unseen Earth,wildlife_documentaries,1,1,1,1,https://www.youtube.com/channel/UC3BTP2FmssM9YAt2QIe6u4A/videos
UCJVNebNYMnzV3-LDT45LO4w,Ai.Explanation ,economic_explainers,1,0,1,1,https://www.youtube.com/channel/UCJVNebNYMnzV3-LDT45LO4w/videos
UCeCjgncnUFleHUSkDbK8wOw,Staryxa1,wildlife_documentaries,1,0,1,1,https://www.youtube.com/channel/UCeCjgncnUFleHUSkDbK8wOw/videos
UCLZnTktRv9uLPTi-vIuqdYA,Universe Unsealed,speculative_scifi,1,0,0,0,https://www.youtube.com/channel/UCLZnTktRv9uLPTi-vIuqdYA/videos
UCTlv_l0q25BtYMhnm3bX5bQ,Virelix,speculative_scifi,1,0,0,0,https://www.youtube.com/channel/UCTlv_l0q25BtYMhnm3bX5bQ/videos
UCpinUC9NTINA0og0PmnugHQ,WhatıfWhatOfficial,speculative_scifi,1,0,0,0,https://www.youtube.com/channel/UCpinUC9NTINA0og0PmnugHQ/videos
UCuGlMwR-EMvSXRq_rV0Cugw,BelajarDenganAI,speculative_scifi,1,0,0,0,https://www.youtube.com/channel/UCuGlMwR-EMvSXRq_rV0Cugw/videos
